Workbook
Name AlevelPts: RESULTS!$AU$10:$AV$19
Name DivPTSOlevel: #REF!
Name Exams: #REF!
Name OLevelpts: #REF!

Sheet RESULTS
A1: ST. JUDE'S SECONDARY SCHOOL · F6 NECTA RESULTS · 2026 · 190 STUDENTS
D3: DIVISION | E3: I | F3: II | G3: III | H3: IV | I3: O | J3: ABS | K3: INC | L3: TOT | M3: KPI% | N3: GPA | O3: GPA GRADE | P3: SPA
D4: MALE | E4: =COUNTIFS(F6Results_2026[[Sex]:[Sex]],"M",F6Results_2026[[Div]:[Div]],"I") -> 12 | F4: =COUNTIFS(F6Results_2026[[Sex]:[Sex]],"M",F6Results_2026[[Div]:[Div]],"II") -> 29 | G4: =COUNTIFS(F6Results_2026[[Sex]:[Sex]],"M",F6Results_2026[[Div]:[Div]],"III") -> 37 | H4: =COUNTIFS(F6Results_2026[[Sex]:[Sex]],"M",F6Results_2026[[Div]:[Div]],"IV") -> 3 | I4: =COUNTIFS(F6Results_2026[[Sex]:[Sex]],"M",F6Results_2026[[Div]:[Div]],"O") -> 6 | J4: =COUNTIFS(F6Results_2026[[Sex]:[Sex]],"M",F6Results_2026[[Div]:[Div]],"ABS") -> 0 | K4: =COUNTIFS(F6Results_2026[[Sex]:[Sex]],"M",F6Results_2026[[Div]:[Div]],"INC") -> 0 | L4: =SUM(E4:K4) -> 87 | M4: {=SUM((E4:F4)/(SUM(E4:I4))*100)} -> 47.126437 | N4: =AL48 -> 2.2183908 | P4: =AVERAGEIFS(F6Results_2026[Points],F6Results_2026[[Sex]:[Sex]],"M") -> 13
D5: FEMALE | E5: =COUNTIFS(F6Results_2026[[Sex]:[Sex]],"F",F6Results_2026[[Div]:[Div]],"I") -> 26 | F5: =COUNTIFS(F6Results_2026[[Sex]:[Sex]],"F",F6Results_2026[[Div]:[Div]],"II") -> 36 | G5: =COUNTIFS(F6Results_2026[[Sex]:[Sex]],"F",F6Results_2026[[Div]:[Div]],"III") -> 34 | H5: =COUNTIFS(F6Results_2026[[Sex]:[Sex]],"F",F6Results_2026[[Div]:[Div]],"IV") -> 3 | I5: =COUNTIFS(F6Results_2026[[Sex]:[Sex]],"F",F6Results_2026[[Div]:[Div]],"O") -> 3 | J5: =COUNTIFS(F6Results_2026[[Sex]:[Sex]],"F",F6Results_2026[[Div]:[Div]],"ABS") -> 0 | K5: =COUNTIFS(F6Results_2026[[Sex]:[Sex]],"F",F6Results_2026[[Div]:[Div]],"INC") -> 0 | L5: =SUM(E5:K5) -> 102 | M5: {=SUM((E5:F5)/(SUM(E5:I5))*100)} -> 60.784314 | N5: =AM48 -> 2.0784314 | P5: =AVERAGEIFS(F6Results_2026[Points],F6Results_2026[[Sex]:[Sex]],"F") -> 11.77451
D6: SCHOOL | E6: =SUM(E4:E5) -> 38 | F6: =SUM(F4:F5) -> 65 | G6: =SUM(G4:G5) -> 71 | H6: =SUM(H4:H5) -> 6 | I6: =SUM(I4:I5) -> 9 | J6: =SUM(J4:J5) -> 0 | K6: =SUM(K4:K5) -> 0 | L6: =SUM(L4:L5) -> 189 | M6: {=SUM((E6:F6)/(SUM(E6:I6))*100)} -> 54.497354 | N6: =AK49 -> 3.2632275 | P6: =IFERROR(AVERAGE(F6Results_2026[Points]),"") -> 12.338624
A8: Students Details | G8: F6 Results | K8: Subjects and Aggr Points | AA8: F4 CSEE 2023 | AF8: F2 CSEE 2021
A9: Cand_No | B9: Year | C9: PREM_NO | D9: Full_Name | E9: Comb | F9: Group | G9: Sex | H9: Points | I9: Div | J9: From | K9: Gs | L9: Bam | M9: Hist | N9: Geo | O9: Kisw | P9: Engl | Q9: Phy | R9: Chem | S9: Biol | T9: Agr | U9: Adv_Math | V9: Comp_Sci | W9: Econ | X9: Comm | Y9: Acco | Z9: Aggr_Pts | AA9: F4_Pts | AB9: F4_Div | AC9: Csee_A's | AD9: Comb_Adm_Pts | AE9: Comb_Qualification | AF9: FTNA_Pts | AG9: FTNA_Div | AH9: FTNA_A's
A10: S4459/0550 | B10: 2026 | C10: 20130180105 | D10: JAMES BARAKA SIKAWA | E10: HGK | F10: Arts | G10: M | H10: {=_xlfn.LET( _xlpm.g, F6Results_2026[[#This Row],[Hist]:[Acco]], _xlpm.pts, _xlfn.MAP(_xlpm.g, _xlfn.LAMBDA(_xlpm.x, IFERROR(VLOOKUP(_xlpm.x, AlevelPts, 2, FALSE), ""))), _xlpm.validPts, _xlfn._xlws.FILTER(_xlpm.pts, ISNUMBER(_xlpm.pts)), _xlpm.allBlank, SUM(--(_xlpm.g=""))=COLUMNS(_xlpm.g), IF( _xlpm.allBlank, "ABS", IFERROR(SUM(_xlpm.validPts), "") ) )} -> 7 | I10: =VLOOKUP(H10,$AO$11:$AP$17,2,TRUE) -> I | J10: GVT | K10: D | M10: C | N10: C | O10: A | Z10: {=SUM(IF(K10:Y10="A",1,0), IF(K10:Y10="B",2,0), IF(K10:Y10="C",3,0), IF(K10:Y10="D",4,0), IF(K10:Y10="E",5,0), IF(K10:Y10="S",6,0), IF(K10:Y10="F",7,0))} -> 11 | AA10: =_xlfn.XLOOKUP(F6Results_2026[[#This Row],[Full_Name]],tblF42023[FULL_NAME],tblF42023[POINTS],"",0,1) | AB10: =_xlfn.XLOOKUP(F6Results_2026[[#This Row],[Full_Name]],tblF42023[FULL_NAME],tblF42023[DIVISION],"",0,1) | AC10: =_xlfn.XLOOKUP(F6Results_2026[[#This Row],[Full_Name]],tblF42023[FULL_NAME],tblF42023[POINTS],"",0,1) | AD10: =IFERROR( INDEX(tblF42023[[HKL]:[CBA]], MATCH(F6Results_2026[[#This Row],[Full_Name]], tblF42023[FULL_NAME], 0), MATCH(F6Results_2026[[#This Row],[Comb]], tblF42023[[#Headers],[HKL]:[CBA]], 0) ), "" ) | AE10: =IFERROR( INDEX(tblF42023[], MATCH(F6Results_2026[[#This Row],[Full_Name]], tblF42023[FULL_NAME], 0), MATCH(F6Results_2026[[#This Row],[Comb]] & "_Q", tblF42023[#Headers], 0) ), "" ) | AF10: =_xlfn.XLOOKUP(F6Results_2026[[#This Row],[Full_Name]],tblF22021[FULL_NAME],tblF22021[POINTS],"",0,1) | AG10: =_xlfn.XLOOKUP(F6Results_2026[[#This Row],[Full_Name]],tblF42023[FULL_NAME],tblF42023[DIVISION],"",0,1) | AH10: =_xlfn.XLOOKUP(F6Results_2026[[#This Row],[Full_Name]],tblF42023[FULL_NAME],tblF42023[TOTAL A''S],"",0,1) | AO10: Value | AP10: Grade | AQ10: Value | AR10: Grade | AS10: - | AT10: - | AU10: - | AV10: -
A11: S4459/0545 | B11: 2026 | C11: 20130180844 | D11: SHARON EDWARD MNYAMPANDA | E11: HGK | F11: Arts | G11: F | H11: {=_xlfn.LET( _xlpm.g, F6Results_2026[[#This Row],[Hist]:[Acco]], _xlpm.pts, _xlfn.MAP(_xlpm.g, _xlfn.LAMBDA(_xlpm.x, IFERROR(VLOOKUP(_xlpm.x, AlevelPts, 2, FALSE), ""))), _xlpm.validPts, _xlfn._xlws.FILTER(_xlpm.pts, ISNUMBER(_xlpm.pts)), _xlpm.allBlank, SUM(--(_xlpm.g=""))=COLUMNS(_xlpm.g), IF( _xlpm.allBlank, "ABS", IFERROR(SUM(_xlpm.validPts), "") ) )} -> 8 | I11: =VLOOKUP(H11,$AO$11:$AP$17,2,TRUE) -> I | J11: GVT | K11: E | M11: C | N11: D | O11: A | Z11: {=SUM(IF(K11:Y11="A",1,0), IF(K11:Y11="B",2,0), IF(K11:Y11="C",3,0), IF(K11:Y11="D",4,0), IF(K11:Y11="E",5,0), IF(K11:Y11="S",6,0), IF(K11:Y11="F",7,0))} -> 13 | AA11: =_xlfn.XLOOKUP(F6Results_2026[[#This Row],[Full_Name]],tblF42023[FULL_NAME],tblF42023[POINTS],"",0,1) | AB11: =_xlfn.XLOOKUP(F6Results_2026[[#This Row],[Full_Name]],tblF42023[FULL_NAME],tblF42023[DIVISION],"",0,1) | AC11: =_xlfn.XLOOKUP(F6Results_2026[[#This Row],[Full_Name]],tblF42023[FULL_NAME],tblF42023[POINTS],"",0,1) | AD11: =IFERROR( INDEX(tblF42023[[HKL]:[CBA]], MATCH(F6Results_2026[[#This Row],[Full_Name]], tblF42023[FULL_NAME], 0), MATCH(F6Results_2026[[#This Row],[Comb]], tblF42023[[#Headers],[HKL]:[CBA]], 0) ), "" ) | AE11: =IFERROR( INDEX(tblF42023[], MATCH(F6Results_2026[[#This Row],[Full_Name]], tblF42023[FULL_NAME], 0), MATCH(F6Results_2026[[#This Row],[Comb]] & "_Q", tblF42023[#Headers], 0) ), "" ) | AF11: =_xlfn.XLOOKUP(F6Results_2026[[#This Row],[Full_Name]],tblF22021[FULL_NAME],tblF22021[POINTS],"",0,1) | AG11: =_xlfn.XLOOKUP(F6Results_2026[[#This Row],[Full_Name]],tblF42023[FULL_NAME],tblF42023[DIVISION],"",0,1) | AH11: =_xlfn.XLOOKUP(F6Results_2026[[#This Row],[Full_Name]],tblF42023[FULL_NAME],tblF42023[TOTAL A''S],"",0,1) | AO11: ABS | AP11: ABS | AQ11: INC | AR11: INC | AS11: INC | AT11: INC | AU11: INC | AV11: INC
A12: S4459/0656 | B12: 2026 | C12: 20130189255 | D12: ANNA PRAYAGOD MBISE | E12: ECA | F12: Business | G12: F | H12: {=_xlfn.LET( _xlpm.g, F6Results_2026[[#This Row],[Hist]:[Acco]], _xlpm.pts, _xlfn.MAP(_xlpm.g, _xlfn.LAMBDA(_xlpm.x, IFERROR(VLOOKUP(_xlpm.x, AlevelPts, 2, FALSE), ""))), _xlpm.validPts, _xlfn._xlws.FILTER(_xlpm.pts, ISNUMBER(_xlpm.pts)), _xlpm.allBlank, SUM(--(_xlpm.g=""))=COLUMNS(_xlpm.g), IF( _xlpm.allBlank, "ABS", IFERROR(SUM(_xlpm.validPts), "") ) )} -> 21 | I12: =VLOOKUP(H12,$AO$11:$AP$17,2,TRUE) -> O | J12: ST.JUDE | K12: E | L12: A | W12: F | X12: F | Y12: F | Z12: {=SUM(IF(K12:Y12="A",1,0), IF(K12:Y12="B",2,0), IF(K12:Y12="C",3,0), IF(K12:Y12="D",4,0), IF(K12:Y12="E",5,0), IF(K12:Y12="S",6,0), IF(K12:Y12="F",7,0))} -> 27 | AA12: =_xlfn.XLOOKUP(F6Results_2026[[#This Row],[Full_Name]],tblF42023[FULL_NAME],tblF42023[POINTS],"",0,1) | AB12: =_xlfn.XLOOKUP(F6Results_2026[[#This Row],[Full_Name]],tblF42023[FULL_NAME],tblF42023[DIVISION],"",0,1) | AC12: =_xlfn.XLOOKUP(F6Results_2026[[#This Row],[Full_Name]],tblF42023[FULL_NAME],tblF42023[POINTS],"",0,1) | AD12: =IFERROR( INDEX(tblF42023[[HKL]:[CBA]], MATCH(F6Results_2026[[#This Row],[Full_Name]], tblF42023[FULL_NAME], 0), MATCH(F6Results_2026[[#This Row],[Comb]], tblF42023[[#Headers],[HKL]:[CBA]], 0) ), "" ) | AE12: =IFERROR( INDEX(tblF42023[], MATCH(F6Results_2026[[#This Row],[Full_Name]], tblF42023[FULL_NAME], 0), MATCH(F6Results_2026[[#This Row],[Comb]] & "_Q", tblF42023[#Headers], 0) ), "" ) | AF12: =_xlfn.XLOOKUP(F6Results_2026[[#This Row],[Full_Name]],tblF22021[FULL_NAME],tblF22021[POINTS],"",0,1) -> 7 | AG12: =_xlfn.XLOOKUP(F6Results_2026[[#This Row],[Full_Name]],tblF42023[FULL_NAME],tblF42023[DIVISION],"",0,1) | AH12: =_xlfn.XLOOKUP(F6Results_2026[[#This Row],[Full_Name]],tblF42023[FULL_NAME],tblF42023[TOTAL A''S],"",0,1) | AO12: INC | AP12: INC | AQ12: - | AR12: - | AS12: IINC | AT12: INC | AU12: ABS | AV12: ABS
A13: S4459/0617 | B13: 2026 | C13: 20130191313 | D13: EDITHA TEREVAEL KAAYA | E13: PCB | F13: Science | G13: F | H13: {=_xlfn.LET( _xlpm.g, F6Results_2026[[#This Row],[Hist]:[Acco]], _xlpm.pts, _xlfn.MAP(_xlpm.g, _xlfn.LAMBDA(_xlpm.x, IFERROR(VLOOKUP(_xlpm.x, AlevelPts, 2, FALSE), ""))), _xlpm.validPts, _xlfn._xlws.FILTER(_xlpm.pts, ISNUMBER(_xlpm.pts)), _xlpm.allBlank, SUM(--(_xlpm.g=""))=COLUMNS(_xlpm.g), IF( _xlpm.allBlank, "ABS", IFERROR(SUM(_xlpm.validPts), "") ) )} -> 13 | I13: =VLOOKUP(H13,$AO$11:$AP$17,2,TRUE) -> III | J13: GVT | K13: D | L13: B | Q13: C | R13: C | S13: F | Z13: {=SUM(IF(K13:Y13="A",1,0), IF(K13:Y13="B",2,0), IF(K13:Y13="C",3,0), IF(K13:Y13="D",4,0), IF(K13:Y13="E",5,0), IF(K13:Y13="S",6,0), IF(K13:Y13="F",7,0))} -> 19 | AA13: =_xlfn.XLOOKUP(F6Results_2026[[#This Row],[Full_Name]],tblF42023[FULL_NAME],tblF42023[POINTS],"",0,1) | AB13: =_xlfn.XLOOKUP(F6Results_2026[[#This Row],[Full_Name]],tblF42023[FULL_NAME],tblF42023[DIVISION],"",0,1) | AC13: =_xlfn.XLOOKUP(F6Results_2026[[#This Row],[Full_Name]],tblF42023[FULL_NAME],tblF42023[POINTS],"",0,1) | AD13: =IFERROR( INDEX(tblF42023[[HKL]:[CBA]], MATCH(F6Results_2026[[#This Row],[Full_Name]], tblF42023[FULL_NAME], 0), MATCH(F6Results_2026[[#This Row],[Comb]], tblF42023[[#Headers],[HKL]:[CBA]], 0) ), "" ) | AE13: =IFERROR( INDEX(tblF42023[], MATCH(F6Results_2026[[#This Row],[Full_Name]], tblF42023[FULL_NAME], 0), MATCH(F6Results_2026[[#This Row],[Comb]] & "_Q", tblF42023[#Headers], 0) ), "" ) | AF13: =_xlfn.XLOOKUP(F6Results_2026[[#This Row],[Full_Name]],tblF22021[FULL_NAME],tblF22021[POINTS],"",0,1) | AG13: =_xlfn.XLOOKUP(F6Results_2026[[#This Row],[Full_Name]],tblF42023[FULL_NAME],tblF42023[DIVISION],"",0,1) | AH13: =_xlfn.XLOOKUP(F6Results_2026[[#This Row],[Full_Name]],tblF42023[FULL_NAME],tblF42023[TOTAL A''S],"",0,1) | AO13: 0 | AP13: I | AQ13: 0 | AR13: F | AS13: F | AT13: 5 | AU13: F | AV13: 7
A14: S4459/0544 | B14: 2026 | C14: 20130210418 | D14: SCOLA PETER NNKO | E14: HGK | F14: Arts | G14: F | H14: {=_xlfn.LET( _xlpm.g, F6Results_2026[[#This Row],[Hist]:[Acco]], _xlpm.pts, _xlfn.MAP(_xlpm.g, _xlfn.LAMBDA(_xlpm.x, IFERROR(VLOOKUP(_xlpm.x, AlevelPts, 2, FALSE), ""))), _xlpm.validPts, _xlfn._xlws.FILTER(_xlpm.pts, ISNUMBER(_xlpm.pts)), _xlpm.allBlank, SUM(--(_xlpm.g=""))=COLUMNS(_xlpm.g), IF( _xlpm.allBlank, "ABS", IFERROR(SUM(_xlpm.validPts), "") ) )} -> 7 | I14: =VLOOKUP(H14,$AO$11:$AP$17,2,TRUE) -> I | J14: ST.JUDE | K14: D | M14: C | N14: C | O14: A | Z14: {=SUM(IF(K14:Y14="A",1,0), IF(K14:Y14="B",2,0), IF(K14:Y14="C",3,0), IF(K14:Y14="D",4,0), IF(K14:Y14="E",5,0), IF(K14:Y14="S",6,0), IF(K14:Y14="F",7,0))} -> 11 | AA14: =_xlfn.XLOOKUP(F6Results_2026[[#This Row],[Full_Name]],tblF42023[FULL_NAME],tblF42023[POINTS],"",0,1) -> 13 | AB14: =_xlfn.XLOOKUP(F6Results_2026[[#This Row],[Full_Name]],tblF42023[FULL_NAME],tblF42023[DIVISION],"",0,1) -> I | AC14: =_xlfn.XLOOKUP(F6Results_2026[[#This Row],[Full_Name]],tblF42023[FULL_NAME],tblF42023[POINTS],"",0,1) -> 13 | AD14: =IFERROR( INDEX(tblF42023[[HKL]:[CBA]], MATCH(F6Results_2026[[#This Row],[Full_Name]], tblF42023[FULL_NAME], 0), MATCH(F6Results_2026[[#This Row],[Comb]], tblF42023[[#Headers],[HKL]:[CBA]], 0) ), "" ) -> 6 | AE14: =IFERROR( INDEX(tblF42023[], MATCH(F6Results_2026[[#This Row],[Full_Name]], tblF42023[FULL_NAME], 0), MATCH(F6Results_2026[[#This Row],[Comb]] & "_Q", tblF42023[#Headers], 0) ), "" ) -> Y | AF14: =_xlfn.XLOOKUP(F6Results_2026[[#This Row],[Full_Name]],tblF22021[FULL_NAME],tblF22021[POINTS],"",0,1) -> 7 | AG14: =_xlfn.XLOOKUP(F6Results_2026[[#This Row],[Full_Name]],tblF42023[FULL_NAME],tblF42023[DIVISION],"",0,1) -> I | AH14: =_xlfn.XLOOKUP(F6Results_2026[[#This Row],[Full_Name]],tblF42023[FULL_NAME],tblF42023[TOTAL A''S],"",0,1) -> 2 | AO14: 10 | AP14: II | AQ14: 34.5 | AR14: S | AS14: D | AT14: 4 | AU14: S | AV14: 6
A15: S4459/0633 | B15: 2026 | C15: 20130232282 | D15: BARAKA ELIYA TIPPE | E15: PCB | F15: Science | G15: M | H15: {=_xlfn.LET( _xlpm.g, F6Results_2026[[#This Row],[Hist]:[Acco]], _xlpm.pts, _xlfn.MAP(_xlpm.g, _xlfn.LAMBDA(_xlpm.x, IFERROR(VLOOKUP(_xlpm.x, AlevelPts, 2, FALSE), ""))), _xlpm.validPts, _xlfn._xlws.FILTER(_xlpm.pts, ISNUMBER(_xlpm.pts)), _xlpm.allBlank, SUM(--(_xlpm.g=""))=COLUMNS(_xlpm.g), IF( _xlpm.allBlank, "ABS", IFERROR(SUM(_xlpm.validPts), "") ) )} -> 17 | I15: =VLOOKUP(H15,$AO$11:$AP$17,2,TRUE) -> III | J15: GVT | K15: S | L15: D | Q15: C | R15: F | S15: F | Z15: {=SUM(IF(K15:Y15="A",1,0), IF(K15:Y15="B",2,0), IF(K15:Y15="C",3,0), IF(K15:Y15="D",4,0), IF(K15:Y15="E",5,0), IF(K15:Y15="S",6,0), IF(K15:Y15="F",7,0))} -> 27 | AA15: =_xlfn.XLOOKUP(F6Results_2026[[#This Row],[Full_Name]],tblF42023[FULL_NAME],tblF42023[POINTS],"",0,1) | AB15: =_xlfn.XLOOKUP(F6Results_2026[[#This Row],[Full_Name]],tblF42023[FULL_NAME],tblF42023[DIVISION],"",0,1) | AC15: =_xlfn.XLOOKUP(F6Results_2026[[#This Row],[Full_Name]],tblF42023[FULL_NAME],tblF42023[POINTS],"",0,1) | AD15: =IFERROR( INDEX(tblF42023[[HKL]:[CBA]], MATCH(F6Results_2026[[#This Row],[Full_Name]], tblF42023[FULL_NAME], 0), MATCH(F6Results_2026[[#This Row],[Comb]], tblF42023[[#Headers],[HKL]:[CBA]], 0) ), "" ) | AE15: =IFERROR( INDEX(tblF42023[], MATCH(F6Results_2026[[#This Row],[Full_Name]], tblF42023[FULL_NAME], 0), MATCH(F6Results_2026[[#This Row],[Comb]] & "_Q", tblF42023[#Headers], 0) ), "" ) | AF15: =_xlfn.XLOOKUP(F6Results_2026[[#This Row],[Full_Name]],tblF22021[FULL_NAME],tblF22021[POINTS],"",0,1) | AG15: =_xlfn.XLOOKUP(F6Results_2026[[#This Row],[Full_Name]],tblF42023[FULL_NAME],tblF42023[DIVISION],"",0,1) | AH15: =_xlfn.XLOOKUP(F6Results_2026[[#This Row],[Full_Name]],tblF42023[FULL_NAME],tblF42023[TOTAL A''S],"",0,1) | AO15: 13 | AP15: III | AQ15: 39.5 | AR15: E | AS15: C | AT15: 3 | AU15: E | AV15: 5
A16: S4459/0551 | B16: 2026 | C16: 20130238026 | D16: JOSEPH JOEL DANIEL | E16: HGK | F16: Arts | G16: M | H16: {=_xlfn.LET( _xlpm.g, F6Results_2026[[#This Row],[Hist]:[Acco]], _xlpm.pts, _xlfn.MAP(_xlpm.g, _xlfn.LAMBDA(_xlpm.x, IFERROR(VLOOKUP(_xlpm.x, AlevelPts, 2, FALSE), ""))), _xlpm.validPts, _xlfn._xlws.FILTER(_xlpm.pts, ISNUMBER(_xlpm.pts)), _xlpm.allBlank, SUM(--(_xlpm.g=""))=COLUMNS(_xlpm.g), IF( _xlpm.allBlank, "ABS", IFERROR(SUM(_xlpm.validPts), "") ) )} -> 7 | I16: =VLOOKUP(H16,$AO$11:$AP$17,2,TRUE) -> I | J16: GVT | K16: D | M16: C | N16: C | O16: A | Z16: {=SUM(IF(K16:Y16="A",1,0), IF(K16:Y16="B",2,0), IF(K16:Y16="C",3,0), IF(K16:Y16="D",4,0), IF(K16:Y16="E",5,0), IF(K16:Y16="S",6,0), IF(K16:Y16="F",7,0))} -> 11 | AA16: =_xlfn.XLOOKUP(F6Results_2026[[#This Row],[Full_Name]],tblF42023[FULL_NAME],tblF42023[POINTS],"",0,1) | AB16: =_xlfn.XLOOKUP(F6Results_2026[[#This Row],[Full_Name]],tblF42023[FULL_NAME],tblF42023[DIVISION],"",0,1) | AC16: =_xlfn.XLOOKUP(F6Results_2026[[#This Row],[Full_Name]],tblF42023[FULL_NAME],tblF42023[POINTS],"",0,1) | AD16: =IFERROR( INDEX(tblF42023[[HKL]:[CBA]], MATCH(F6Results_2026[[#This Row],[Full_Name]], tblF42023[FULL_NAME], 0), MATCH(F6Results_2026[[#This Row],[Comb]], tblF42023[[#Headers],[HKL]:[CBA]], 0) ), "" ) | AE16: =IFERROR( INDEX(tblF42023[], MATCH(F6Results_2026[[#This Row],[Full_Name]], tblF42023[FULL_NAME], 0), MATCH(F6Results_2026[[#This Row],[Comb]] & "_Q", tblF42023[#Headers], 0) ), "" ) | AF16: =_xlfn.XLOOKUP(F6Results_2026[[#This Row],[Full_Name]],tblF22021[FULL_NAME],tblF22021[POINTS],"",0,1) | AG16: =_xlfn.XLOOKUP(F6Results_2026[[#This Row],[Full_Name]],tblF42023[FULL_NAME],tblF42023[DIVISION],"",0,1) | AH16: =_xlfn.XLOOKUP(F6Results_2026[[#This Row],[Full_Name]],tblF42023[FULL_NAME],tblF42023[TOTAL A''S],"",0,1) | AO16: 18 | AP16: IV | AQ16: 49.5 | AR16: D | AS16: B | AT16: 2 | AU16: D | AV16: 4
A17: S4459/0521 | B17: 2026 | C17: 20130238559 | D17: ABUBAKARI KIBWANA MNGODO | E17: HGL | F17: Arts | G17: M | H17: {=_xlfn.LET( _xlpm.g, F6Results_2026[[#This Row],[Hist]:[Acco]], _xlpm.pts, _xlfn.MAP(_xlpm.g, _xlfn.LAMBDA(_xlpm.x, IFERROR(VLOOKUP(_xlpm.x, AlevelPts, 2, FALSE), ""))), _xlpm.validPts, _xlfn._xlws.FILTER(_xlpm.pts, ISNUMBER(_xlpm.pts)), _xlpm.allBlank, SUM(--(_xlpm.g=""))=COLUMNS(_xlpm.g), IF( _xlpm.allBlank, "ABS", IFERROR(SUM(_xlpm.validPts), "") ) )} -> 11 | I17: =VLOOKUP(H17,$AO$11:$AP$17,2,TRUE) -> II | J17: ST.JUDE | K17: F | M17: D | N17: E | P17: B | Z17: {=SUM(IF(K17:Y17="A",1,0), IF(K17:Y17="B",2,0), IF(K17:Y17="C",3,0), IF(K17:Y17="D",4,0), IF(K17:Y17="E",5,0), IF(K17:Y17="S",6,0), IF(K17:Y17="F",7,0))} -> 18 | AA17: =_xlfn.XLOOKUP(F6Results_2026[[#This Row],[Full_Name]],tblF42023[FULL_NAME],tblF42023[POINTS],"",0,1) -> 15 | AB17: =_xlfn.XLOOKUP(F6Results_2026[[#This Row],[Full_Name]],tblF42023[FULL_NAME],tblF42023[DIVISION],"",0,1) -> I | AC17: =_xlfn.XLOOKUP(F6Results_2026[[#This Row],[Full_Name]],tblF42023[FULL_NAME],tblF42023[POINTS],"",0,1) -> 15 | AD17: =IFERROR( INDEX(tblF42023[[HKL]:[CBA]], MATCH(F6Results_2026[[#This Row],[Full_Name]], tblF42023[FULL_NAME], 0), MATCH(F6Results_2026[[#This Row],[Comb]], tblF42023[[#Headers],[HKL]:[CBA]], 0) ), "" ) -> 6 | AE17: =IFERROR( INDEX(tblF42023[], MATCH(F6Results_2026[[#This Row],[Full_Name]], tblF42023[FULL_NAME], 0), MATCH(F6Results_2026[[#This Row],[Comb]] & "_Q", tblF42023[#Headers], 0) ), "" ) -> Y | AF17: =_xlfn.XLOOKUP(F6Results_2026[[#This Row],[Full_Name]],tblF22021[FULL_NAME],tblF22021[POINTS],"",0,1) -> 8 | AG17: =_xlfn.XLOOKUP(F6Results_2026[[#This Row],[Full_Name]],tblF42023[FULL_NAME],tblF42023[DIVISION],"",0,1) -> I | AH17: =_xlfn.XLOOKUP(F6Results_2026[[#This Row],[Full_Name]],tblF42023[FULL_NAME],tblF42023[TOTAL A''S],"",0,1) -> 1 | AO17: 20 | AP17: O | AQ17: 59.5 | AR17: C | AS17: A | AT17: 1 | AU17: C | AV17: 3
A18: S4459/0586 | B18: 2026 | C18: 20130238684 | D18: LUCIANA SAULI LESSION | E18: PCM | F18: Science | G18: F | H18: {=_xlfn.LET( _xlpm.g, F6Results_2026[[#This Row],[Hist]:[Acco]], _xlpm.pts, _xlfn.MAP(_xlpm.g, _xlfn.LAMBDA(_xlpm.x, IFERROR(VLOOKUP(_xlpm.x, AlevelPts, 2, FALSE), ""))), _xlpm.validPts, _xlfn._xlws.FILTER(_xlpm.pts, ISNUMBER(_xlpm.pts)), _xlpm.allBlank, SUM(--(_xlpm.g=""))=COLUMNS(_xlpm.g), IF( _xlpm.allBlank, "ABS", IFERROR(SUM(_xlpm.validPts), "") ) )} -> 11 | I18: =VLOOKUP(H18,$AO$11:$AP$17,2,TRUE) -> II | J18: ST.JUDE | K18: S | Q18: C | R18: C | U18: E | Z18: {=SUM(IF(K18:Y18="A",1,0), IF(K18:Y18="B",2,0), IF(K18:Y18="C",3,0), IF(K18:Y18="D",4,0), IF(K18:Y18="E",5,0), IF(K18:Y18="S",6,0), IF(K18:Y18="F",7,0))} -> 17 | AA18: =_xlfn.XLOOKUP(F6Results_2026[[#This Row],[Full_Name]],tblF42023[FULL_NAME],tblF42023[POINTS],"",0,1) -> 7 | AB18: =_xlfn.XLOOKUP(F6Results_2026[[#This Row],[Full_Name]],tblF42023[FULL_NAME],tblF42023[DIVISION],"",0,1) -> I | AC18: =_xlfn.XLOOKUP(F6Results_2026[[#This Row],[Full_Name]],tblF42023[FULL_NAME],tblF42023[POINTS],"",0,1) -> 7 | AD18: =IFERROR( INDEX(tblF42023[[HKL]:[CBA]], MATCH(F6Results_2026[[#This Row],[Full_Name]], tblF42023[FULL_NAME], 0), MATCH(F6Results_2026[[#This Row],[Comb]], tblF42023[[#Headers],[HKL]:[CBA]], 0) ), "" ) -> 5 | AE18: =IFERROR( INDEX(tblF42023[], MATCH(F6Results_2026[[#This Row],[Full_Name]], tblF42023[FULL_NAME], 0), MATCH(F6Results_2026[[#This Row],[Comb]] & "_Q", tblF42023[#Headers], 0) ), "" ) -> Y | AF18: =_xlfn.XLOOKUP(F6Results_2026[[#This Row],[Full_Name]],tblF22021[FULL_NAME],tblF22021[POINTS],"",0,1) -> 7 | AG18: =_xlfn.XLOOKUP(F6Results_2026[[#This Row],[Full_Name]],tblF42023[FULL_NAME],tblF42023[DIVISION],"",0,1) -> I | AH18: =_xlfn.XLOOKUP(F6Results_2026[[#This Row],[Full_Name]],tblF42023[FULL_NAME],tblF42023[TOTAL A''S],"",0,1) -> 9 | AU18: B | AV18: 2
A19: S4459/0669 | B19: 2026 | C19: 20130239051 | D19: FILMINA BOMBO NADE | E19: CBA | F19: Science | G19: F | H19: {=_xlfn.LET( _xlpm.g, F6Results_2026[[#This Row],[Hist]:[Acco]], _xlpm.pts, _xlfn.MAP(_xlpm.g, _xlfn.LAMBDA(_xlpm.x, IFERROR(VLOOKUP(_xlpm.x, AlevelPts, 2, FALSE), ""))), _xlpm.validPts, _xlfn._xlws.FILTER(_xlpm.pts, ISNUMBER(_xlpm.pts)), _xlpm.allBlank, SUM(--(_xlpm.g=""))=COLUMNS(_xlpm.g), IF( _xlpm.allBlank, "ABS", IFERROR(SUM(_xlpm.validPts), "") ) )} -> 10 | I19: =VLOOKUP(H19,$AO$11:$AP$17,2,TRUE) -> II | J19: GVT | K19: E | L19: F | R19: D | S19: C | T19: C | AA19: =_xlfn.XLOOKUP(F6Results_2026[[#This Row],[Full_Name]],tblF42023[FULL_NAME],tblF42023[POINTS],"",0,1) | AB19: =_xlfn.XLOOKUP(F6Results_2026[[#This Row],[Full_Name]],tblF42023[FULL_NAME],tblF42023[DIVISION],"",0,1) | AC19: =_xlfn.XLOOKUP(F6Results_2026[[#This Row],[Full_Name]],tblF42023[FULL_NAME],tblF42023[POINTS],"",0,1) | AD19: =IFERROR( INDEX(tblF42023[[HKL]:[CBA]], MATCH(F6Results_2026[[#This Row],[Full_Name]], tblF42023[FULL_NAME], 0), MATCH(F6Results_2026[[#This Row],[Comb]], tblF42023[[#Headers],[HKL]:[CBA]], 0) ), "" ) | AE19: =IFERROR( INDEX(tblF42023[], MATCH(F6Results_2026[[#This Row],[Full_Name]], tblF42023[FULL_NAME], 0), MATCH(F6Results_2026[[#This Row],[Comb]] & "_Q", tblF42023[#Headers], 0) ), "" ) | AF19: =_xlfn.XLOOKUP(F6Results_2026[[#This Row],[Full_Name]],tblF22021[FULL_NAME],tblF22021[POINTS],"",0,1) | AG19: =_xlfn.XLOOKUP(F6Results_2026[[#This Row],[Full_Name]],tblF42023[FULL_NAME],tblF42023[DIVISION],"",0,1) | AH19: =_xlfn.XLOOKUP(F6Results_2026[[#This Row],[Full_Name]],tblF42023[FULL_NAME],tblF42023[TOTAL A''S],"",0,1) | AU19: A | AV19: 1
A20: S4459/0602 | B20: 2026 | C20: 20130239312 | D20: JORDAN ERICK KIVUYO | E20: PCM | F20: Science | G20: M | H20: {=_xlfn.LET( _xlpm.g, F6Results_2026[[#This Row],[Hist]:[Acco]], _xlpm.pts, _xlfn.MAP(_xlpm.g, _xlfn.LAMBDA(_xlpm.x, IFERROR(VLOOKUP(_xlpm.x, AlevelPts, 2, FALSE), ""))), _xlpm.validPts, _xlfn._xlws.FILTER(_xlpm.pts, ISNUMBER(_xlpm.pts)), _xlpm.allBlank, SUM(--(_xlpm.g=""))=COLUMNS(_xlpm.g), IF( _xlpm.allBlank, "ABS", IFERROR(SUM(_xlpm.validPts), "") ) )} -> 11 | I20: =VLOOKUP(H20,$AO$11:$AP$17,2,TRUE) -> II | J20: GVT | K20: E | Q20: D | R20: C | U20: D | Z20: {=SUM(IF(K20:Y20="A",1,0), IF(K20:Y20="B",2,0), IF(K20:Y20="C",3,0), IF(K20:Y20="D",4,0), IF(K20:Y20="E",5,0), IF(K20:Y20="S",6,0), IF(K20:Y20="F",7,0))} -> 16 | AA20: =_xlfn.XLOOKUP(F6Results_2026[[#This Row],[Full_Name]],tblF42023[FULL_NAME],tblF42023[POINTS],"",0,1) | AB20: =_xlfn.XLOOKUP(F6Results_2026[[#This Row],[Full_Name]],tblF42023[FULL_NAME],tblF42023[DIVISION],"",0,1) | AC20: =_xlfn.XLOOKUP(F6Results_2026[[#This Row],[Full_Name]],tblF42023[FULL_NAME],tblF42023[POINTS],"",0,1) | AD20: =IFERROR( INDEX(tblF42023[[HKL]:[CBA]], MATCH(F6Results_2026[[#This Row],[Full_Name]], tblF42023[FULL_NAME], 0), MATCH(F6Results_2026[[#This Row],[Comb]], tblF42023[[#Headers],[HKL]:[CBA]], 0) ), "" ) | AE20: =IFERROR( INDEX(tblF42023[], MATCH(F6Results_2026[[#This Row],[Full_Name]], tblF42023[FULL_NAME], 0), MATCH(F6Results_2026[[#This Row],[Comb]] & "_Q", tblF42023[#Headers], 0) ), "" ) | AF20: =_xlfn.XLOOKUP(F6Results_2026[[#This Row],[Full_Name]],tblF22021[FULL_NAME],tblF22021[POINTS],"",0,1) | AG20: =_xlfn.XLOOKUP(F6Results_2026[[#This Row],[Full_Name]],tblF42023[FULL_NAME],tblF42023[DIVISION],"",0,1) | AH20: =_xlfn.XLOOKUP(F6Results_2026[[#This Row],[Full_Name]],tblF42023[FULL_NAME],tblF42023[TOTAL A''S],"",0,1) | AK20: SUBJECTS GRADE SUMMARY TABLE
A21: S4459/0637 | B21: 2026 | C21: 20130243190 | D21: ENOCK LEMBRI MEMOY | E21: PCB | F21: Science | G21: M | H21: {=_xlfn.LET( _xlpm.g, F6Results_2026[[#This Row],[Hist]:[Acco]], _xlpm.pts, _xlfn.MAP(_xlpm.g, _xlfn.LAMBDA(_xlpm.x, IFERROR(VLOOKUP(_xlpm.x, AlevelPts, 2, FALSE), ""))), _xlpm.validPts, _xlfn._xlws.FILTER(_xlpm.pts, ISNUMBER(_xlpm.pts)), _xlpm.allBlank, SUM(--(_xlpm.g=""))=COLUMNS(_xlpm.g), IF( _xlpm.allBlank, "ABS", IFERROR(SUM(_xlpm.validPts), "") ) )} -> 13 | I21: =VLOOKUP(H21,$AO$11:$AP$17,2,TRUE) -> III | J21: GVT | K21: E | L21: E | Q21: C | R21: C | S21: F | Z21: {=SUM(IF(K21:Y21="A",1,0), IF(K21:Y21="B",2,0), IF(K21:Y21="C",3,0), IF(K21:Y21="D",4,0), IF(K21:Y21="E",5,0), IF(K21:Y21="S",6,0), IF(K21:Y21="F",7,0))} -> 23 | AA21: =_xlfn.XLOOKUP(F6Results_2026[[#This Row],[Full_Name]],tblF42023[FULL_NAME],tblF42023[POINTS],"",0,1) | AB21: =_xlfn.XLOOKUP(F6Results_2026[[#This Row],[Full_Name]],tblF42023[FULL_NAME],tblF42023[DIVISION],"",0,1) | AC21: =_xlfn.XLOOKUP(F6Results_2026[[#This Row],[Full_Name]],tblF42023[FULL_NAME],tblF42023[POINTS],"",0,1) | AD21: =IFERROR( INDEX(tblF42023[[HKL]:[CBA]], MATCH(F6Results_2026[[#This Row],[Full_Name]], tblF42023[FULL_NAME], 0), MATCH(F6Results_2026[[#This Row],[Comb]], tblF42023[[#Headers],[HKL]:[CBA]], 0) ), "" ) | AE21: =IFERROR( INDEX(tblF42023[], MATCH(F6Results_2026[[#This Row],[Full_Name]], tblF42023[FULL_NAME], 0), MATCH(F6Results_2026[[#This Row],[Comb]] & "_Q", tblF42023[#Headers], 0) ), "" ) | AF21: =_xlfn.XLOOKUP(F6Results_2026[[#This Row],[Full_Name]],tblF22021[FULL_NAME],tblF22021[POINTS],"",0,1) | AG21: =_xlfn.XLOOKUP(F6Results_2026[[#This Row],[Full_Name]],tblF42023[FULL_NAME],tblF42023[DIVISION],"",0,1) | AH21: =_xlfn.XLOOKUP(F6Results_2026[[#This Row],[Full_Name]],tblF42023[FULL_NAME],tblF42023[TOTAL A''S],"",0,1) | AK21: Subject | AL21: A | AM21: B | AN21: C | AO21: D | AP21: E | AQ21: S | AR21: F | AS21: Total Sat | AT21: KPI % | AU21: Below KPI | AV21: Subject GPA | AW21: GPA Grade
A22: S4459/0589 | B22: 2026 | C22: 20130246103 | D22: MARRY JACKSON MWEMA | E22: PCM | F22: Science | G22: F | H22: {=_xlfn.LET( _xlpm.g, F6Results_2026[[#This Row],[Hist]:[Acco]], _xlpm.pts, _xlfn.MAP(_xlpm.g, _xlfn.LAMBDA(_xlpm.x, IFERROR(VLOOKUP(_xlpm.x, AlevelPts, 2, FALSE), ""))), _xlpm.validPts, _xlfn._xlws.FILTER(_xlpm.pts, ISNUMBER(_xlpm.pts)), _xlpm.allBlank, SUM(--(_xlpm.g=""))=COLUMNS(_xlpm.g), IF( _xlpm.allBlank, "ABS", IFERROR(SUM(_xlpm.validPts), "") ) )} -> 11 | I22: =VLOOKUP(H22,$AO$11:$AP$17,2,TRUE) -> II | J22: ST.JUDE | K22: E | Q22: D | R22: C | U22: D | Z22: {=SUM(IF(K22:Y22="A",1,0), IF(K22:Y22="B",2,0), IF(K22:Y22="C",3,0), IF(K22:Y22="D",4,0), IF(K22:Y22="E",5,0), IF(K22:Y22="S",6,0), IF(K22:Y22="F",7,0))} -> 16 | AA22: =_xlfn.XLOOKUP(F6Results_2026[[#This Row],[Full_Name]],tblF42023[FULL_NAME],tblF42023[POINTS],"",0,1) -> 7 | AB22: =_xlfn.XLOOKUP(F6Results_2026[[#This Row],[Full_Name]],tblF42023[FULL_NAME],tblF42023[DIVISION],"",0,1) -> I | AC22: =_xlfn.XLOOKUP(F6Results_2026[[#This Row],[Full_Name]],tblF42023[FULL_NAME],tblF42023[POINTS],"",0,1) -> 7 | AD22: =IFERROR( INDEX(tblF42023[[HKL]:[CBA]], MATCH(F6Results_2026[[#This Row],[Full_Name]], tblF42023[FULL_NAME], 0), MATCH(F6Results_2026[[#This Row],[Comb]], tblF42023[[#Headers],[HKL]:[CBA]], 0) ), "" ) -> 5 | AE22: =IFERROR( INDEX(tblF42023[], MATCH(F6Results_2026[[#This Row],[Full_Name]], tblF42023[FULL_NAME], 0), MATCH(F6Results_2026[[#This Row],[Comb]] & "_Q", tblF42023[#Headers], 0) ), "" ) -> Y | AF22: =_xlfn.XLOOKUP(F6Results_2026[[#This Row],[Full_Name]],tblF22021[FULL_NAME],tblF22021[POINTS],"",0,1) -> 7 | AG22: =_xlfn.XLOOKUP(F6Results_2026[[#This Row],[Full_Name]],tblF42023[FULL_NAME],tblF42023[DIVISION],"",0,1) -> I | AH22: =_xlfn.XLOOKUP(F6Results_2026[[#This Row],[Full_Name]],tblF42023[FULL_NAME],tblF42023[TOTAL A''S],"",0,1) -> 7 | AK22: General Studies | AL22: =COUNTIFS(Fact_Subject_Grade!$G:$G,"Gs",Fact_Subject_Grade!$H:$H,AL$21) -> 1 | AM22: =COUNTIFS(Fact_Subject_Grade!$G:$G,"Gs",Fact_Subject_Grade!$H:$H,AM$21) -> 0 | AN22: =COUNTIFS(Fact_Subject_Grade!$G:$G,"Gs",Fact_Subject_Grade!$H:$H,AN$21) -> 0 | AO22: =COUNTIFS(Fact_Subject_Grade!$G:$G,"Gs",Fact_Subject_Grade!$H:$H,AO$21) -> 38 | AP22: =COUNTIFS(Fact_Subject_Grade!$G:$G,"Gs",Fact_Subject_Grade!$H:$H,AP$21) -> 98 | AQ22: =COUNTIFS(Fact_Subject_Grade!$G:$G,"Gs",Fact_Subject_Grade!$H:$H,AQ$21) -> 25 | AR22: =COUNTIFS(Fact_Subject_Grade!$G:$G,"Gs",Fact_Subject_Grade!$H:$H,AR$21) -> 27 | AS22: =SUM(AL22:AR22) -> 189 | AT22: =IFERROR((SUMPRODUCT(AL22:AR22,{5,4,3,2,1,0.5,0})/(AS22*5))*100,"") -> 20.26455 | AU22: =SUM(AO22:AR22) -> 188 | AV22: =IFERROR(SUMPRODUCT(AL22:AR22,{1,2,3,4,5,6,7})/AS22,"") -> 5.1957672 | AW22: =IF(AV22="","",IF(AV22<=1.4999,"A-EXCELLENT",IF(AV22<=2.4999,"B-VERY GOOD",IF(AV22<=3.4999,"C-GOOD",IF(AV22<=4.4999,"D-AVERAGE",IF(AV22<=5.4999,"E-SATISFACTORY",IF(AV22<=6.4999,"S-SUBSIDIARY",IF(AV22<=7,"F-FAIL","")))))))) -> E-SATISFACTORY
A23: S4459/0658 | B23: 2026 | C23: 20130246226 | D23: HAPPYNESS JACOB LAZARO | E23: ECA | F23: Business | G23: F | H23: {=_xlfn.LET( _xlpm.g, F6Results_2026[[#This Row],[Hist]:[Acco]], _xlpm.pts, _xlfn.MAP(_xlpm.g, _xlfn.LAMBDA(_xlpm.x, IFERROR(VLOOKUP(_xlpm.x, AlevelPts, 2, FALSE), ""))), _xlpm.validPts, _xlfn._xlws.FILTER(_xlpm.pts, ISNUMBER(_xlpm.pts)), _xlpm.allBlank, SUM(--(_xlpm.g=""))=COLUMNS(_xlpm.g), IF( _xlpm.allBlank, "ABS", IFERROR(SUM(_xlpm.validPts), "") ) )} -> 18 | I23: =VLOOKUP(H23,$AO$11:$AP$17,2,TRUE) -> IV | J23: ST.JUDE | K23: E | L23: S | W23: F | X23: F | Y23: D | Z23: {=SUM(IF(K23:Y23="A",1,0), IF(K23:Y23="B",2,0), IF(K23:Y23="C",3,0), IF(K23:Y23="D",4,0), IF(K23:Y23="E",5,0), IF(K23:Y23="S",6,0), IF(K23:Y23="F",7,0))} -> 29 | AA23: =_xlfn.XLOOKUP(F6Results_2026[[#This Row],[Full_Name]],tblF42023[FULL_NAME],tblF42023[POINTS],"",0,1) -> 12 | AB23: =_xlfn.XLOOKUP(F6Results_2026[[#This Row],[Full_Name]],tblF42023[FULL_NAME],tblF42023[DIVISION],"",0,1) -> I | AC23: =_xlfn.XLOOKUP(F6Results_2026[[#This Row],[Full_Name]],tblF42023[FULL_NAME],tblF42023[POINTS],"",0,1) -> 12 | AD23: =IFERROR( INDEX(tblF42023[[HKL]:[CBA]], MATCH(F6Results_2026[[#This Row],[Full_Name]], tblF42023[FULL_NAME], 0), MATCH(F6Results_2026[[#This Row],[Comb]], tblF42023[[#Headers],[HKL]:[CBA]], 0) ), "" ) | AE23: =IFERROR( INDEX(tblF42023[], MATCH(F6Results_2026[[#This Row],[Full_Name]], tblF42023[FULL_NAME], 0), MATCH(F6Results_2026[[#This Row],[Comb]] & "_Q", tblF42023[#Headers], 0) ), "" ) | AF23: =_xlfn.XLOOKUP(F6Results_2026[[#This Row],[Full_Name]],tblF22021[FULL_NAME],tblF22021[POINTS],"",0,1) -> 10 | AG23: =_xlfn.XLOOKUP(F6Results_2026[[#This Row],[Full_Name]],tblF42023[FULL_NAME],tblF42023[DIVISION],"",0,1) -> I | AH23: =_xlfn.XLOOKUP(F6Results_2026[[#This Row],[Full_Name]],tblF42023[FULL_NAME],tblF42023[TOTAL A''S],"",0,1) -> 2 | AK23: Basic Applied Mathematics | AL23: =COUNTIFS(Fact_Subject_Grade!$G:$G,"Bam",Fact_Subject_Grade!$H:$H,AL$21) -> 0 | AM23: =COUNTIFS(Fact_Subject_Grade!$G:$G,"Bam",Fact_Subject_Grade!$H:$H,AM$21) -> 0 | AN23: =COUNTIFS(Fact_Subject_Grade!$G:$G,"Bam",Fact_Subject_Grade!$H:$H,AN$21) -> 0 | AO23: =COUNTIFS(Fact_Subject_Grade!$G:$G,"Bam",Fact_Subject_Grade!$H:$H,AO$21) -> 0 | AP23: =COUNTIFS(Fact_Subject_Grade!$G:$G,"Bam",Fact_Subject_Grade!$H:$H,AP$21) -> 0 | AQ23: =COUNTIFS(Fact_Subject_Grade!$G:$G,"Bam",Fact_Subject_Grade!$H:$H,AQ$21) -> 0 | AR23: =COUNTIFS(Fact_Subject_Grade!$G:$G,"Bam",Fact_Subject_Grade!$H:$H,AR$21) -> 0 | AS23: =SUM(AL23:AR23) -> 0 | AT23: =IFERROR((SUMPRODUCT(AL23:AR23,{5,4,3,2,1,0.5,0})/(AS23*5))*100,"") | AU23: =SUM(AO23:AR23) -> 0 | AV23: =IFERROR(SUMPRODUCT(AL23:AR23,{1,2,3,4,5,6,7})/AS23,"") | AW23: =IF(AV23="","",IF(AV23<=1.4999,"A-EXCELLENT",IF(AV23<=2.4999,"B-VERY GOOD",IF(AV23<=3.4999,"C-GOOD",IF(AV23<=4.4999,"D-AVERAGE",IF(AV23<=5.4999,"E-SATISFACTORY",IF(AV23<=6.4999,"S-SUBSIDIARY",IF(AV23<=7,"F-FAIL",""))))))))
A24: S4459/0538 | B24: 2026 | C24: 20130246235 | D24: LEAH SARUNI LEKEMBA | E24: HGK | F24: Arts | G24: F | H24: {=_xlfn.LET( _xlpm.g, F6Results_2026[[#This Row],[Hist]:[Acco]], _xlpm.pts, _xlfn.MAP(_xlpm.g, _xlfn.LAMBDA(_xlpm.x, IFERROR(VLOOKUP(_xlpm.x, AlevelPts, 2, FALSE), ""))), _xlpm.validPts, _xlfn._xlws.FILTER(_xlpm.pts, ISNUMBER(_xlpm.pts)), _xlpm.allBlank, SUM(--(_xlpm.g=""))=COLUMNS(_xlpm.g), IF( _xlpm.allBlank, "ABS", IFERROR(SUM(_xlpm.validPts), "") ) )} -> 7 | I24: =VLOOKUP(H24,$AO$11:$AP$17,2,TRUE) -> I | J24: GVT | K24: E | M24: D | N24: B | O24: A | Z24: {=SUM(IF(K24:Y24="A",1,0), IF(K24:Y24="B",2,0), IF(K24:Y24="C",3,0), IF(K24:Y24="D",4,0), IF(K24:Y24="E",5,0), IF(K24:Y24="S",6,0), IF(K24:Y24="F",7,0))} -> 12 | AA24: =_xlfn.XLOOKUP(F6Results_2026[[#This Row],[Full_Name]],tblF42023[FULL_NAME],tblF42023[POINTS],"",0,1) | AB24: =_xlfn.XLOOKUP(F6Results_2026[[#This Row],[Full_Name]],tblF42023[FULL_NAME],tblF42023[DIVISION],"",0,1) | AC24: =_xlfn.XLOOKUP(F6Results_2026[[#This Row],[Full_Name]],tblF42023[FULL_NAME],tblF42023[POINTS],"",0,1) | AD24: =IFERROR( INDEX(tblF42023[[HKL]:[CBA]], MATCH(F6Results_2026[[#This Row],[Full_Name]], tblF42023[FULL_NAME], 0), MATCH(F6Results_2026[[#This Row],[Comb]], tblF42023[[#Headers],[HKL]:[CBA]], 0) ), "" ) | AE24: =IFERROR( INDEX(tblF42023[], MATCH(F6Results_2026[[#This Row],[Full_Name]], tblF42023[FULL_NAME], 0), MATCH(F6Results_2026[[#This Row],[Comb]] & "_Q", tblF42023[#Headers], 0) ), "" ) | AF24: =_xlfn.XLOOKUP(F6Results_2026[[#This Row],[Full_Name]],tblF22021[FULL_NAME],tblF22021[POINTS],"",0,1) | AG24: =_xlfn.XLOOKUP(F6Results_2026[[#This Row],[Full_Name]],tblF42023[FULL_NAME],tblF42023[DIVISION],"",0,1) | AH24: =_xlfn.XLOOKUP(F6Results_2026[[#This Row],[Full_Name]],tblF42023[FULL_NAME],tblF42023[TOTAL A''S],"",0,1) | AK24: History | AL24: =COUNTIFS(Fact_Subject_Grade!$G:$G,"Hist",Fact_Subject_Grade!$H:$H,AL$21) -> 1 | AM24: =COUNTIFS(Fact_Subject_Grade!$G:$G,"Hist",Fact_Subject_Grade!$H:$H,AM$21) -> 1 | AN24: =COUNTIFS(Fact_Subject_Grade!$G:$G,"Hist",Fact_Subject_Grade!$H:$H,AN$21) -> 21 | AO24: =COUNTIFS(Fact_Subject_Grade!$G:$G,"Hist",Fact_Subject_Grade!$H:$H,AO$21) -> 27 | AP24: =COUNTIFS(Fact_Subject_Grade!$G:$G,"Hist",Fact_Subject_Grade!$H:$H,AP$21) -> 2 | AQ24: =COUNTIFS(Fact_Subject_Grade!$G:$G,"Hist",Fact_Subject_Grade!$H:$H,AQ$21) -> 0 | AR24: =COUNTIFS(Fact_Subject_Grade!$G:$G,"Hist",Fact_Subject_Grade!$H:$H,AR$21) -> 0 | AS24: =SUM(AL24:AR24) -> 52 | AT24: =IFERROR((SUMPRODUCT(AL24:AR24,{5,4,3,2,1,0.5,0})/(AS24*5))*100,"") -> 49.230769 | AU24: =SUM(AO24:AR24) -> 29 | AV24: =IFERROR(SUMPRODUCT(AL24:AR24,{1,2,3,4,5,6,7})/AS24,"") -> 3.5384615 | AW24: =IF(AV24="","",IF(AV24<=1.4999,"A-EXCELLENT",IF(AV24<=2.4999,"B-VERY GOOD",IF(AV24<=3.4999,"C-GOOD",IF(AV24<=4.4999,"D-AVERAGE",IF(AV24<=5.4999,"E-SATISFACTORY",IF(AV24<=6.4999,"S-SUBSIDIARY",IF(AV24<=7,"F-FAIL","")))))))) -> D-AVERAGE
A25: S4459/0594 | B25: 2026 | C25: 20130253069 | D25: BABAETU LOISHIYE SARUNI | E25: PCM | F25: Science | G25: M | H25: {=_xlfn.LET( _xlpm.g, F6Results_2026[[#This Row],[Hist]:[Acco]], _xlpm.pts, _xlfn.MAP(_xlpm.g, _xlfn.LAMBDA(_xlpm.x, IFERROR(VLOOKUP(_xlpm.x, AlevelPts, 2, FALSE), ""))), _xlpm.validPts, _xlfn._xlws.FILTER(_xlpm.pts, ISNUMBER(_xlpm.pts)), _xlpm.allBlank, SUM(--(_xlpm.g=""))=COLUMNS(_xlpm.g), IF( _xlpm.allBlank, "ABS", IFERROR(SUM(_xlpm.validPts), "") ) )} -> 16 | I25: =VLOOKUP(H25,$AO$11:$AP$17,2,TRUE) -> III | J25: ST.JUDE | K25: E | Q25: E | R25: F | U25: D | Z25: {=SUM(IF(K25:Y25="A",1,0), IF(K25:Y25="B",2,0), IF(K25:Y25="C",3,0), IF(K25:Y25="D",4,0), IF(K25:Y25="E",5,0), IF(K25:Y25="S",6,0), IF(K25:Y25="F",7,0))} -> 21 | AA25: =_xlfn.XLOOKUP(F6Results_2026[[#This Row],[Full_Name]],tblF42023[FULL_NAME],tblF42023[POINTS],"",0,1) -> 7 | AB25: =_xlfn.XLOOKUP(F6Results_2026[[#This Row],[Full_Name]],tblF42023[FULL_NAME],tblF42023[DIVISION],"",0,1) -> I | AC25: =_xlfn.XLOOKUP(F6Results_2026[[#This Row],[Full_Name]],tblF42023[FULL_NAME],tblF42023[POINTS],"",0,1) -> 7 | AD25: =IFERROR( INDEX(tblF42023[[HKL]:[CBA]], MATCH(F6Results_2026[[#This Row],[Full_Name]], tblF42023[FULL_NAME], 0), MATCH(F6Results_2026[[#This Row],[Comb]], tblF42023[[#Headers],[HKL]:[CBA]], 0) ), "" ) -> 5 | AE25: =IFERROR( INDEX(tblF42023[], MATCH(F6Results_2026[[#This Row],[Full_Name]], tblF42023[FULL_NAME], 0), MATCH(F6Results_2026[[#This Row],[Comb]] & "_Q", tblF42023[#Headers], 0) ), "" ) -> Y | AF25: =_xlfn.XLOOKUP(F6Results_2026[[#This Row],[Full_Name]],tblF22021[FULL_NAME],tblF22021[POINTS],"",0,1) -> 7 | AG25: =_xlfn.XLOOKUP(F6Results_2026[[#This Row],[Full_Name]],tblF42023[FULL_NAME],tblF42023[DIVISION],"",0,1) -> I | AH25: =_xlfn.XLOOKUP(F6Results_2026[[#This Row],[Full_Name]],tblF42023[FULL_NAME],tblF42023[TOTAL A''S],"",0,1) -> 7 | AK25: Geography | AL25: =COUNTIFS(Fact_Subject_Grade!$G:$G,"Geo",Fact_Subject_Grade!$H:$H,AL$21) -> 3 | AM25: =COUNTIFS(Fact_Subject_Grade!$G:$G,"Geo",Fact_Subject_Grade!$H:$H,AM$21) -> 18 | AN25: =COUNTIFS(Fact_Subject_Grade!$G:$G,"Geo",Fact_Subject_Grade!$H:$H,AN$21) -> 39 | AO25: =COUNTIFS(Fact_Subject_Grade!$G:$G,"Geo",Fact_Subject_Grade!$H:$H,AO$21) -> 16 | AP25: =COUNTIFS(Fact_Subject_Grade!$G:$G,"Geo",Fact_Subject_Grade!$H:$H,AP$21) -> 3 | AQ25: =COUNTIFS(Fact_Subject_Grade!$G:$G,"Geo",Fact_Subject_Grade!$H:$H,AQ$21) -> 0 | AR25: =COUNTIFS(Fact_Subject_Grade!$G:$G,"Geo",Fact_Subject_Grade!$H:$H,AR$21) -> 0 | AS25: =SUM(AL25:AR25) -> 79 | AT25: =IFERROR((SUMPRODUCT(AL25:AR25,{5,4,3,2,1,0.5,0})/(AS25*5))*100,"") -> 60.506329 | AU25: =SUM(AO25:AR25) -> 19 | AV25: =IFERROR(SUMPRODUCT(AL25:AR25,{1,2,3,4,5,6,7})/AS25,"") -> 2.9746835 | AW25: =IF(AV25="","",IF(AV25<=1.4999,"A-EXCELLENT",IF(AV25<=2.4999,"B-VERY GOOD",IF(AV25<=3.4999,"C-GOOD",IF(AV25<=4.4999,"D-AVERAGE",IF(AV25<=5.4999,"E-SATISFACTORY",IF(AV25<=6.4999,"S-SUBSIDIARY",IF(AV25<=7,"F-FAIL","")))))))) -> C-GOOD
A26: S4459/0593 | B26: 2026 | C26: 20130267516 | D26: ALEKIUS SLIVERY KAZOBA | E26: PCM | F26: Science | G26: M | H26: {=_xlfn.LET( _xlpm.g, F6Results_2026[[#This Row],[Hist]:[Acco]], _xlpm.pts, _xlfn.MAP(_xlpm.g, _xlfn.LAMBDA(_xlpm.x, IFERROR(VLOOKUP(_xlpm.x, AlevelPts, 2, FALSE), ""))), _xlpm.validPts, _xlfn._xlws.FILTER(_xlpm.pts, ISNUMBER(_xlpm.pts)), _xlpm.allBlank, SUM(--(_xlpm.g=""))=COLUMNS(_xlpm.g), IF( _xlpm.allBlank, "ABS", IFERROR(SUM(_xlpm.validPts), "") ) )} -> 11 | I26: =VLOOKUP(H26,$AO$11:$AP$17,2,TRUE) -> II | J26: ST.JUDE | K26: S | Q26: E | R26: C | U26: C | Z26: {=SUM(IF(K26:Y26="A",1,0), IF(K26:Y26="B",2,0), IF(K26:Y26="C",3,0), IF(K26:Y26="D",4,0), IF(K26:Y26="E",5,0), IF(K26:Y26="S",6,0), IF(K26:Y26="F",7,0))} -> 17 | AA26: =_xlfn.XLOOKUP(F6Results_2026[[#This Row],[Full_Name]],tblF42023[FULL_NAME],tblF42023[POINTS],"",0,1) -> 8 | AB26: =_xlfn.XLOOKUP(F6Results_2026[[#This Row],[Full_Name]],tblF42023[FULL_NAME],tblF42023[DIVISION],"",0,1) -> I | AC26: =_xlfn.XLOOKUP(F6Results_2026[[#This Row],[Full_Name]],tblF42023[FULL_NAME],tblF42023[POINTS],"",0,1) -> 8 | AD26: =IFERROR( INDEX(tblF42023[[HKL]:[CBA]], MATCH(F6Results_2026[[#This Row],[Full_Name]], tblF42023[FULL_NAME], 0), MATCH(F6Results_2026[[#This Row],[Comb]], tblF42023[[#Headers],[HKL]:[CBA]], 0) ), "" ) -> 4 | AE26: =IFERROR( INDEX(tblF42023[], MATCH(F6Results_2026[[#This Row],[Full_Name]], tblF42023[FULL_NAME], 0), MATCH(F6Results_2026[[#This Row],[Comb]] & "_Q", tblF42023[#Headers], 0) ), "" ) -> Y | AF26: =_xlfn.XLOOKUP(F6Results_2026[[#This Row],[Full_Name]],tblF22021[FULL_NAME],tblF22021[POINTS],"",0,1) -> 7 | AG26: =_xlfn.XLOOKUP(F6Results_2026[[#This Row],[Full_Name]],tblF42023[FULL_NAME],tblF42023[DIVISION],"",0,1) -> I | AH26: =_xlfn.XLOOKUP(F6Results_2026[[#This Row],[Full_Name]],tblF42023[FULL_NAME],tblF42023[TOTAL A''S],"",0,1) -> 6 | AK26: Kiswahili | AL26: =COUNTIFS(Fact_Subject_Grade!$G:$G,"Kisw",Fact_Subject_Grade!$H:$H,AL$21) -> 28 | AM26: =COUNTIFS(Fact_Subject_Grade!$G:$G,"Kisw",Fact_Subject_Grade!$H:$H,AM$21) -> 0 | AN26: =COUNTIFS(Fact_Subject_Grade!$G:$G,"Kisw",Fact_Subject_Grade!$H:$H,AN$21) -> 0 | AO26: =COUNTIFS(Fact_Subject_Grade!$G:$G,"Kisw",Fact_Subject_Grade!$H:$H,AO$21) -> 0 | AP26: =COUNTIFS(Fact_Subject_Grade!$G:$G,"Kisw",Fact_Subject_Grade!$H:$H,AP$21) -> 0 | AQ26: =COUNTIFS(Fact_Subject_Grade!$G:$G,"Kisw",Fact_Subject_Grade!$H:$H,AQ$21) -> 0 | AR26: =COUNTIFS(Fact_Subject_Grade!$G:$G,"Kisw",Fact_Subject_Grade!$H:$H,AR$21) -> 0 | AS26: =SUM(AL26:AR26) -> 28 | AT26: =IFERROR((SUMPRODUCT(AL26:AR26,{5,4,3,2,1,0.5,0})/(AS26*5))*100,"") -> 100 | AU26: =SUM(AO26:AR26) -> 0 | AV26: =IFERROR(SUMPRODUCT(AL26:AR26,{1,2,3,4,5,6,7})/AS26,"") -> 1 | AW26: =IF(AV26="","",IF(AV26<=1.4999,"A-EXCELLENT",IF(AV26<=2.4999,"B-VERY GOOD",IF(AV26<=3.4999,"C-GOOD",IF(AV26<=4.4999,"D-AVERAGE",IF(AV26<=5.4999,"E-SATISFACTORY",IF(AV26<=6.4999,"S-SUBSIDIARY",IF(AV26<=7,"F-FAIL","")))))))) -> A-EXCELLENT
A27: S4459/0571 | B27: 2026 | C27: 20130269960 | D27: ERICK DAUDI OLODI | E27: EGM | F27: Business | G27: M | H27: {=_xlfn.LET( _xlpm.g, F6Results_2026[[#This Row],[Hist]:[Acco]], _xlpm.pts, _xlfn.MAP(_xlpm.g, _xlfn.LAMBDA(_xlpm.x, IFERROR(VLOOKUP(_xlpm.x, AlevelPts, 2, FALSE), ""))), _xlpm.validPts, _xlfn._xlws.FILTER(_xlpm.pts, ISNUMBER(_xlpm.pts)), _xlpm.allBlank, SUM(--(_xlpm.g=""))=COLUMNS(_xlpm.g), IF( _xlpm.allBlank, "ABS", IFERROR(SUM(_xlpm.validPts), "") ) )} -> 10 | I27: =VLOOKUP(H27,$AO$11:$AP$17,2,TRUE) -> II | J27: ST.JUDE | K27: E | N27: B | U27: E | W27: C | Z27: {=SUM(IF(K27:Y27="A",1,0), IF(K27:Y27="B",2,0), IF(K27:Y27="C",3,0), IF(K27:Y27="D",4,0), IF(K27:Y27="E",5,0), IF(K27:Y27="S",6,0), IF(K27:Y27="F",7,0))} -> 15 | AA27: =_xlfn.XLOOKUP(F6Results_2026[[#This Row],[Full_Name]],tblF42023[FULL_NAME],tblF42023[POINTS],"",0,1) -> 11 | AB27: =_xlfn.XLOOKUP(F6Results_2026[[#This Row],[Full_Name]],tblF42023[FULL_NAME],tblF42023[DIVISION],"",0,1) -> I | AC27: =_xlfn.XLOOKUP(F6Results_2026[[#This Row],[Full_Name]],tblF42023[FULL_NAME],tblF42023[POINTS],"",0,1) -> 11 | AD27: =IFERROR( INDEX(tblF42023[[HKL]:[CBA]], MATCH(F6Results_2026[[#This Row],[Full_Name]], tblF42023[FULL_NAME], 0), MATCH(F6Results_2026[[#This Row],[Comb]], tblF42023[[#Headers],[HKL]:[CBA]], 0) ), "" ) -> 6 | AE27: =IFERROR( INDEX(tblF42023[], MATCH(F6Results_2026[[#This Row],[Full_Name]], tblF42023[FULL_NAME], 0), MATCH(F6Results_2026[[#This Row],[Comb]] & "_Q", tblF42023[#Headers], 0) ), "" ) -> Y | AF27: =_xlfn.XLOOKUP(F6Results_2026[[#This Row],[Full_Name]],tblF22021[FULL_NAME],tblF22021[POINTS],"",0,1) -> 7 | AG27: =_xlfn.XLOOKUP(F6Results_2026[[#This Row],[Full_Name]],tblF42023[FULL_NAME],tblF42023[DIVISION],"",0,1) -> I | AH27: =_xlfn.XLOOKUP(F6Results_2026[[#This Row],[Full_Name]],tblF42023[FULL_NAME],tblF42023[TOTAL A''S],"",0,1) -> 3 | AK27: English | AL27: =COUNTIFS(Fact_Subject_Grade!$G:$G,"Engl",Fact_Subject_Grade!$H:$H,AL$21) -> 0 | AM27: =COUNTIFS(Fact_Subject_Grade!$G:$G,"Engl",Fact_Subject_Grade!$H:$H,AM$21) -> 4 | AN27: =COUNTIFS(Fact_Subject_Grade!$G:$G,"Engl",Fact_Subject_Grade!$H:$H,AN$21) -> 7 | AO27: =COUNTIFS(Fact_Subject_Grade!$G:$G,"Engl",Fact_Subject_Grade!$H:$H,AO$21) -> 12 | AP27: =COUNTIFS(Fact_Subject_Grade!$G:$G,"Engl",Fact_Subject_Grade!$H:$H,AP$21) -> 1 | AQ27: =COUNTIFS(Fact_Subject_Grade!$G:$G,"Engl",Fact_Subject_Grade!$H:$H,AQ$21) -> 0 | AR27: =COUNTIFS(Fact_Subject_Grade!$G:$G,"Engl",Fact_Subject_Grade!$H:$H,AR$21) -> 0 | AS27: =SUM(AL27:AR27) -> 24 | AT27: =IFERROR((SUMPRODUCT(AL27:AR27,{5,4,3,2,1,0.5,0})/(AS27*5))*100,"") -> 51.666667 | AU27: =SUM(AO27:AR27) -> 13 | AV27: =IFERROR(SUMPRODUCT(AL27:AR27,{1,2,3,4,5,6,7})/AS27,"") -> 3.4166667 | AW27: =IF(AV27="","",IF(AV27<=1.4999,"A-EXCELLENT",IF(AV27<=2.4999,"B-VERY GOOD",IF(AV27<=3.4999,"C-GOOD",IF(AV27<=4.4999,"D-AVERAGE",IF(AV27<=5.4999,"E-SATISFACTORY",IF(AV27<=6.4999,"S-SUBSIDIARY",IF(AV27<=7,"F-FAIL","")))))))) -> C-GOOD
A28: S4459/0603 | B28: 2026 | C28: 20130282968 | D28: JOSEPH DIDAS SWAY | E28: PCM | F28: Science | G28: M | H28: {=_xlfn.LET( _xlpm.g, F6Results_2026[[#This Row],[Hist]:[Acco]], _xlpm.pts, _xlfn.MAP(_xlpm.g, _xlfn.LAMBDA(_xlpm.x, IFERROR(VLOOKUP(_xlpm.x, AlevelPts, 2, FALSE), ""))), _xlpm.validPts, _xlfn._xlws.FILTER(_xlpm.pts, ISNUMBER(_xlpm.pts)), _xlpm.allBlank, SUM(--(_xlpm.g=""))=COLUMNS(_xlpm.g), IF( _xlpm.allBlank, "ABS", IFERROR(SUM(_xlpm.validPts), "") ) )} -> 10 | I28: =VLOOKUP(H28,$AO$11:$AP$17,2,TRUE) -> II | J28: GVT | K28: F | Q28: C | R28: D | U28: C | Z28: {=SUM(IF(K28:Y28="A",1,0), IF(K28:Y28="B",2,0), IF(K28:Y28="C",3,0), IF(K28:Y28="D",4,0), IF(K28:Y28="E",5,0), IF(K28:Y28="S",6,0), IF(K28:Y28="F",7,0))} -> 17 | AA28: =_xlfn.XLOOKUP(F6Results_2026[[#This Row],[Full_Name]],tblF42023[FULL_NAME],tblF42023[POINTS],"",0,1) | AB28: =_xlfn.XLOOKUP(F6Results_2026[[#This Row],[Full_Name]],tblF42023[FULL_NAME],tblF42023[DIVISION],"",0,1) | AC28: =_xlfn.XLOOKUP(F6Results_2026[[#This Row],[Full_Name]],tblF42023[FULL_NAME],tblF42023[POINTS],"",0,1) | AD28: =IFERROR( INDEX(tblF42023[[HKL]:[CBA]], MATCH(F6Results_2026[[#This Row],[Full_Name]], tblF42023[FULL_NAME], 0), MATCH(F6Results_2026[[#This Row],[Comb]], tblF42023[[#Headers],[HKL]:[CBA]], 0) ), "" ) | AE28: =IFERROR( INDEX(tblF42023[], MATCH(F6Results_2026[[#This Row],[Full_Name]], tblF42023[FULL_NAME], 0), MATCH(F6Results_2026[[#This Row],[Comb]] & "_Q", tblF42023[#Headers], 0) ), "" ) | AF28: =_xlfn.XLOOKUP(F6Results_2026[[#This Row],[Full_Name]],tblF22021[FULL_NAME],tblF22021[POINTS],"",0,1) | AG28: =_xlfn.XLOOKUP(F6Results_2026[[#This Row],[Full_Name]],tblF42023[FULL_NAME],tblF42023[DIVISION],"",0,1) | AH28: =_xlfn.XLOOKUP(F6Results_2026[[#This Row],[Full_Name]],tblF42023[FULL_NAME],tblF42023[TOTAL A''S],"",0,1) | AK28: Physics | AL28: =COUNTIFS(Fact_Subject_Grade!$G:$G,"Phy",Fact_Subject_Grade!$H:$H,AL$21) -> 0 | AM28: =COUNTIFS(Fact_Subject_Grade!$G:$G,"Phy",Fact_Subject_Grade!$H:$H,AM$21) -> 0 | AN28: =COUNTIFS(Fact_Subject_Grade!$G:$G,"Phy",Fact_Subject_Grade!$H:$H,AN$21) -> 15 | AO28: =COUNTIFS(Fact_Subject_Grade!$G:$G,"Phy",Fact_Subject_Grade!$H:$H,AO$21) -> 22 | AP28: =COUNTIFS(Fact_Subject_Grade!$G:$G,"Phy",Fact_Subject_Grade!$H:$H,AP$21) -> 22 | AQ28: =COUNTIFS(Fact_Subject_Grade!$G:$G,"Phy",Fact_Subject_Grade!$H:$H,AQ$21) -> 6 | AR28: =COUNTIFS(Fact_Subject_Grade!$G:$G,"Phy",Fact_Subject_Grade!$H:$H,AR$21) -> 16 | AS28: =SUM(AL28:AR28) -> 81 | AT28: =IFERROR((SUMPRODUCT(AL28:AR28,{5,4,3,2,1,0.5,0})/(AS28*5))*100,"") -> 28.148148 | AU28: =SUM(AO28:AR28) -> 66 | AV28: =IFERROR(SUMPRODUCT(AL28:AR28,{1,2,3,4,5,6,7})/AS28,"") -> 4.8271605 | AW28: =IF(AV28="","",IF(AV28<=1.4999,"A-EXCELLENT",IF(AV28<=2.4999,"B-VERY GOOD",IF(AV28<=3.4999,"C-GOOD",IF(AV28<=4.4999,"D-AVERAGE",IF(AV28<=5.4999,"E-SATISFACTORY",IF(AV28<=6.4999,"S-SUBSIDIARY",IF(AV28<=7,"F-FAIL","")))))))) -> E-SATISFACTORY
A29: S4459/0662 | B29: 2026 | C29: 20130285592 | D29: ALLEN HUSSEIN IDDI | E29: ECA | F29: Business | G29: M | H29: {=_xlfn.LET( _xlpm.g, F6Results_2026[[#This Row],[Hist]:[Acco]], _xlpm.pts, _xlfn.MAP(_xlpm.g, _xlfn.LAMBDA(_xlpm.x, IFERROR(VLOOKUP(_xlpm.x, AlevelPts, 2, FALSE), ""))), _xlpm.validPts, _xlfn._xlws.FILTER(_xlpm.pts, ISNUMBER(_xlpm.pts)), _xlpm.allBlank, SUM(--(_xlpm.g=""))=COLUMNS(_xlpm.g), IF( _xlpm.allBlank, "ABS", IFERROR(SUM(_xlpm.validPts), "") ) )} -> 18 | I29: =VLOOKUP(H29,$AO$11:$AP$17,2,TRUE) -> IV | J29: ST.JUDE | K29: E | L29: F | W29: F | X29: F | Y29: D | Z29: {=SUM(IF(K29:Y29="A",1,0), IF(K29:Y29="B",2,0), IF(K29:Y29="C",3,0), IF(K29:Y29="D",4,0), IF(K29:Y29="E",5,0), IF(K29:Y29="S",6,0), IF(K29:Y29="F",7,0))} -> 30 | AA29: =_xlfn.XLOOKUP(F6Results_2026[[#This Row],[Full_Name]],tblF42023[FULL_NAME],tblF42023[POINTS],"",0,1) -> 10 | AB29: =_xlfn.XLOOKUP(F6Results_2026[[#This Row],[Full_Name]],tblF42023[FULL_NAME],tblF42023[DIVISION],"",0,1) -> I | AC29: =_xlfn.XLOOKUP(F6Results_2026[[#This Row],[Full_Name]],tblF42023[FULL_NAME],tblF42023[POINTS],"",0,1) -> 10 | AD29: =IFERROR( INDEX(tblF42023[[HKL]:[CBA]], MATCH(F6Results_2026[[#This Row],[Full_Name]], tblF42023[FULL_NAME], 0), MATCH(F6Results_2026[[#This Row],[Comb]], tblF42023[[#Headers],[HKL]:[CBA]], 0) ), "" ) | AE29: =IFERROR( INDEX(tblF42023[], MATCH(F6Results_2026[[#This Row],[Full_Name]], tblF42023[FULL_NAME], 0), MATCH(F6Results_2026[[#This Row],[Comb]] & "_Q", tblF42023[#Headers], 0) ), "" ) | AF29: =_xlfn.XLOOKUP(F6Results_2026[[#This Row],[Full_Name]],tblF22021[FULL_NAME],tblF22021[POINTS],"",0,1) -> 8 | AG29: =_xlfn.XLOOKUP(F6Results_2026[[#This Row],[Full_Name]],tblF42023[FULL_NAME],tblF42023[DIVISION],"",0,1) -> I | AH29: =_xlfn.XLOOKUP(F6Results_2026[[#This Row],[Full_Name]],tblF42023[FULL_NAME],tblF42023[TOTAL A''S],"",0,1) -> 4 | AK29: Chemistry | AL29: =COUNTIFS(Fact_Subject_Grade!$G:$G,"Chem",Fact_Subject_Grade!$H:$H,AL$21) -> 0 | AM29: =COUNTIFS(Fact_Subject_Grade!$G:$G,"Chem",Fact_Subject_Grade!$H:$H,AM$21) -> 0 | AN29: =COUNTIFS(Fact_Subject_Grade!$G:$G,"Chem",Fact_Subject_Grade!$H:$H,AN$21) -> 42 | AO29: =COUNTIFS(Fact_Subject_Grade!$G:$G,"Chem",Fact_Subject_Grade!$H:$H,AO$21) -> 28 | AP29: =COUNTIFS(Fact_Subject_Grade!$G:$G,"Chem",Fact_Subject_Grade!$H:$H,AP$21) -> 8 | AQ29: =COUNTIFS(Fact_Subject_Grade!$G:$G,"Chem",Fact_Subject_Grade!$H:$H,AQ$21) -> 0 | AR29: =COUNTIFS(Fact_Subject_Grade!$G:$G,"Chem",Fact_Subject_Grade!$H:$H,AR$21) -> 12 | AS29: =SUM(AL29:AR29) -> 90 | AT29: =IFERROR((SUMPRODUCT(AL29:AR29,{5,4,3,2,1,0.5,0})/(AS29*5))*100,"") -> 42.222222 | AU29: =SUM(AO29:AR29) -> 48 | AV29: =IFERROR(SUMPRODUCT(AL29:AR29,{1,2,3,4,5,6,7})/AS29,"") -> 4.0222222 | AW29: =IF(AV29="","",IF(AV29<=1.4999,"A-EXCELLENT",IF(AV29<=2.4999,"B-VERY GOOD",IF(AV29<=3.4999,"C-GOOD",IF(AV29<=4.4999,"D-AVERAGE",IF(AV29<=5.4999,"E-SATISFACTORY",IF(AV29<=6.4999,"S-SUBSIDIARY",IF(AV29<=7,"F-FAIL","")))))))) -> D-AVERAGE
A30: S4459/0568 | B30: 2026 | C30: 20130285593 | D30: ALLY YUSUPH MSANGI | E30: EGM | F30: Business | G30: M | H30: {=_xlfn.LET( _xlpm.g, F6Results_2026[[#This Row],[Hist]:[Acco]], _xlpm.pts, _xlfn.MAP(_xlpm.g, _xlfn.LAMBDA(_xlpm.x, IFERROR(VLOOKUP(_xlpm.x, AlevelPts, 2, FALSE), ""))), _xlpm.validPts, _xlfn._xlws.FILTER(_xlpm.pts, ISNUMBER(_xlpm.pts)), _xlpm.allBlank, SUM(--(_xlpm.g=""))=COLUMNS(_xlpm.g), IF( _xlpm.allBlank, "ABS", IFERROR(SUM(_xlpm.validPts), "") ) )} -> 11 | I30: =VLOOKUP(H30,$AO$11:$AP$17,2,TRUE) -> II | J30: ST.JUDE | K30: F | N30: B | U30: E | W30: D | Z30: {=SUM(IF(K30:Y30="A",1,0), IF(K30:Y30="B",2,0), IF(K30:Y30="C",3,0), IF(K30:Y30="D",4,0), IF(K30:Y30="E",5,0), IF(K30:Y30="S",6,0), IF(K30:Y30="F",7,0))} -> 18 | AA30: =_xlfn.XLOOKUP(F6Results_2026[[#This Row],[Full_Name]],tblF42023[FULL_NAME],tblF42023[POINTS],"",0,1) -> 12 | AB30: =_xlfn.XLOOKUP(F6Results_2026[[#This Row],[Full_Name]],tblF42023[FULL_NAME],tblF42023[DIVISION],"",0,1) -> I | AC30: =_xlfn.XLOOKUP(F6Results_2026[[#This Row],[Full_Name]],tblF42023[FULL_NAME],tblF42023[POINTS],"",0,1) -> 12 | AD30: =IFERROR( INDEX(tblF42023[[HKL]:[CBA]], MATCH(F6Results_2026[[#This Row],[Full_Name]], tblF42023[FULL_NAME], 0), MATCH(F6Results_2026[[#This Row],[Comb]], tblF42023[[#Headers],[HKL]:[CBA]], 0) ), "" ) -> 6 | AE30: =IFERROR( INDEX(tblF42023[], MATCH(F6Results_2026[[#This Row],[Full_Name]], tblF42023[FULL_NAME], 0), MATCH(F6Results_2026[[#This Row],[Comb]] & "_Q", tblF42023[#Headers], 0) ), "" ) -> Y | AF30: =_xlfn.XLOOKUP(F6Results_2026[[#This Row],[Full_Name]],tblF22021[FULL_NAME],tblF22021[POINTS],"",0,1) -> 9 | AG30: =_xlfn.XLOOKUP(F6Results_2026[[#This Row],[Full_Name]],tblF42023[FULL_NAME],tblF42023[DIVISION],"",0,1) -> I | AH30: =_xlfn.XLOOKUP(F6Results_2026[[#This Row],[Full_Name]],tblF42023[FULL_NAME],tblF42023[TOTAL A''S],"",0,1) -> 3 | AK30: Biology | AL30: =COUNTIFS(Fact_Subject_Grade!$G:$G,"Biol",Fact_Subject_Grade!$H:$H,AL$21) -> 0 | AM30: =COUNTIFS(Fact_Subject_Grade!$G:$G,"Biol",Fact_Subject_Grade!$H:$H,AM$21) -> 0 | AN30: =COUNTIFS(Fact_Subject_Grade!$G:$G,"Biol",Fact_Subject_Grade!$H:$H,AN$21) -> 25 | AO30: =COUNTIFS(Fact_Subject_Grade!$G:$G,"Biol",Fact_Subject_Grade!$H:$H,AO$21) -> 7 | AP30: =COUNTIFS(Fact_Subject_Grade!$G:$G,"Biol",Fact_Subject_Grade!$H:$H,AP$21) -> 0 | AQ30: =COUNTIFS(Fact_Subject_Grade!$G:$G,"Biol",Fact_Subject_Grade!$H:$H,AQ$21) -> 0 | AR30: =COUNTIFS(Fact_Subject_Grade!$G:$G,"Biol",Fact_Subject_Grade!$H:$H,AR$21) -> 30 | AS30: =SUM(AL30:AR30) -> 62 | AT30: =IFERROR((SUMPRODUCT(AL30:AR30,{5,4,3,2,1,0.5,0})/(AS30*5))*100,"") -> 28.709677 | AU30: =SUM(AO30:AR30) -> 37 | AV30: =IFERROR(SUMPRODUCT(AL30:AR30,{1,2,3,4,5,6,7})/AS30,"") -> 5.0483871 | AW30: =IF(AV30="","",IF(AV30<=1.4999,"A-EXCELLENT",IF(AV30<=2.4999,"B-VERY GOOD",IF(AV30<=3.4999,"C-GOOD",IF(AV30<=4.4999,"D-AVERAGE",IF(AV30<=5.4999,"E-SATISFACTORY",IF(AV30<=6.4999,"S-SUBSIDIARY",IF(AV30<=7,"F-FAIL","")))))))) -> E-SATISFACTORY
A31: S4459/0569 | B31: 2026 | C31: 20130285595 | D31: ARNOLD ERNEST TSAKARA | E31: EGM | F31: Business | G31: M | H31: {=_xlfn.LET( _xlpm.g, F6Results_2026[[#This Row],[Hist]:[Acco]], _xlpm.pts, _xlfn.MAP(_xlpm.g, _xlfn.LAMBDA(_xlpm.x, IFERROR(VLOOKUP(_xlpm.x, AlevelPts, 2, FALSE), ""))), _xlpm.validPts, _xlfn._xlws.FILTER(_xlpm.pts, ISNUMBER(_xlpm.pts)), _xlpm.allBlank, SUM(--(_xlpm.g=""))=COLUMNS(_xlpm.g), IF( _xlpm.allBlank, "ABS", IFERROR(SUM(_xlpm.validPts), "") ) )} -> 11 | I31: =VLOOKUP(H31,$AO$11:$AP$17,2,TRUE) -> II | J31: ST.JUDE | K31: E | N31: C | U31: E | W31: C | Z31: {=SUM(IF(K31:Y31="A",1,0), IF(K31:Y31="B",2,0), IF(K31:Y31="C",3,0), IF(K31:Y31="D",4,0), IF(K31:Y31="E",5,0), IF(K31:Y31="S",6,0), IF(K31:Y31="F",7,0))} -> 16 | AA31: =_xlfn.XLOOKUP(F6Results_2026[[#This Row],[Full_Name]],tblF42023[FULL_NAME],tblF42023[POINTS],"",0,1) -> 11 | AB31: =_xlfn.XLOOKUP(F6Results_2026[[#This Row],[Full_Name]],tblF42023[FULL_NAME],tblF42023[DIVISION],"",0,1) -> I | AC31: =_xlfn.XLOOKUP(F6Results_2026[[#This Row],[Full_Name]],tblF42023[FULL_NAME],tblF42023[POINTS],"",0,1) -> 11 | AD31: =IFERROR( INDEX(tblF42023[[HKL]:[CBA]], MATCH(F6Results_2026[[#This Row],[Full_Name]], tblF42023[FULL_NAME], 0), MATCH(F6Results_2026[[#This Row],[Comb]], tblF42023[[#Headers],[HKL]:[CBA]], 0) ), "" ) -> 5 | AE31: =IFERROR( INDEX(tblF42023[], MATCH(F6Results_2026[[#This Row],[Full_Name]], tblF42023[FULL_NAME], 0), MATCH(F6Results_2026[[#This Row],[Comb]] & "_Q", tblF42023[#Headers], 0) ), "" ) -> Y | AF31: =_xlfn.XLOOKUP(F6Results_2026[[#This Row],[Full_Name]],tblF22021[FULL_NAME],tblF22021[POINTS],"",0,1) -> 7 | AG31: =_xlfn.XLOOKUP(F6Results_2026[[#This Row],[Full_Name]],tblF42023[FULL_NAME],tblF42023[DIVISION],"",0,1) -> I | AH31: =_xlfn.XLOOKUP(F6Results_2026[[#This Row],[Full_Name]],tblF42023[FULL_NAME],tblF42023[TOTAL A''S],"",0,1) -> 3 | AK31: Agriculture | AL31: =COUNTIFS(Fact_Subject_Grade!$G:$G,"Agr",Fact_Subject_Grade!$H:$H,AL$21) -> 0 | AM31: =COUNTIFS(Fact_Subject_Grade!$G:$G,"Agr",Fact_Subject_Grade!$H:$H,AM$21) -> 0 | AN31: =COUNTIFS(Fact_Subject_Grade!$G:$G,"Agr",Fact_Subject_Grade!$H:$H,AN$21) -> 10 | AO31: =COUNTIFS(Fact_Subject_Grade!$G:$G,"Agr",Fact_Subject_Grade!$H:$H,AO$21) -> 4 | AP31: =COUNTIFS(Fact_Subject_Grade!$G:$G,"Agr",Fact_Subject_Grade!$H:$H,AP$21) -> 0 | AQ31: =COUNTIFS(Fact_Subject_Grade!$G:$G,"Agr",Fact_Subject_Grade!$H:$H,AQ$21) -> 0 | AR31: =COUNTIFS(Fact_Subject_Grade!$G:$G,"Agr",Fact_Subject_Grade!$H:$H,AR$21) -> 2 | AS31: =SUM(AL31:AR31) -> 16 | AT31: =IFERROR((SUMPRODUCT(AL31:AR31,{5,4,3,2,1,0.5,0})/(AS31*5))*100,"") -> 47.5 | AU31: =SUM(AO31:AR31) -> 6 | AV31: =IFERROR(SUMPRODUCT(AL31:AR31,{1,2,3,4,5,6,7})/AS31,"") -> 3.75 | AW31: =IF(AV31="","",IF(AV31<=1.4999,"A-EXCELLENT",IF(AV31<=2.4999,"B-VERY GOOD",IF(AV31<=3.4999,"C-GOOD",IF(AV31<=4.4999,"D-AVERAGE",IF(AV31<=5.4999,"E-SATISFACTORY",IF(AV31<=6.4999,"S-SUBSIDIARY",IF(AV31<=7,"F-FAIL","")))))))) -> D-AVERAGE
A32: S4459/0570 | B32: 2026 | C32: 20130285602 | D32: DAMAS JOSEPH KIDAYA | E32: EGM | F32: Business | G32: M | H32: {=_xlfn.LET( _xlpm.g, F6Results_2026[[#This Row],[Hist]:[Acco]], _xlpm.pts, _xlfn.MAP(_xlpm.g, _xlfn.LAMBDA(_xlpm.x, IFERROR(VLOOKUP(_xlpm.x, AlevelPts, 2, FALSE), ""))), _xlpm.validPts, _xlfn._xlws.FILTER(_xlpm.pts, ISNUMBER(_xlpm.pts)), _xlpm.allBlank, SUM(--(_xlpm.g=""))=COLUMNS(_xlpm.g), IF( _xlpm.allBlank, "ABS", IFERROR(SUM(_xlpm.validPts), "") ) )} -> 12 | I32: =VLOOKUP(H32,$AO$11:$AP$17,2,TRUE) -> II | J32: ST.JUDE | K32: E | N32: C | U32: E | W32: D | Z32: {=SUM(IF(K32:Y32="A",1,0), IF(K32:Y32="B",2,0), IF(K32:Y32="C",3,0), IF(K32:Y32="D",4,0), IF(K32:Y32="E",5,0), IF(K32:Y32="S",6,0), IF(K32:Y32="F",7,0))} -> 17 | AA32: =_xlfn.XLOOKUP(F6Results_2026[[#This Row],[Full_Name]],tblF42023[FULL_NAME],tblF42023[POINTS],"",0,1) -> 9 | AB32: =_xlfn.XLOOKUP(F6Results_2026[[#This Row],[Full_Name]],tblF42023[FULL_NAME],tblF42023[DIVISION],"",0,1) -> I | AC32: =_xlfn.XLOOKUP(F6Results_2026[[#This Row],[Full_Name]],tblF42023[FULL_NAME],tblF42023[POINTS],"",0,1) -> 9 | AD32: =IFERROR( INDEX(tblF42023[[HKL]:[CBA]], MATCH(F6Results_2026[[#This Row],[Full_Name]], tblF42023[FULL_NAME], 0), MATCH(F6Results_2026[[#This Row],[Comb]], tblF42023[[#Headers],[HKL]:[CBA]], 0) ), "" ) -> 3 | AE32: =IFERROR( INDEX(tblF42023[], MATCH(F6Results_2026[[#This Row],[Full_Name]], tblF42023[FULL_NAME], 0), MATCH(F6Results_2026[[#This Row],[Comb]] & "_Q", tblF42023[#Headers], 0) ), "" ) -> Y | AF32: =_xlfn.XLOOKUP(F6Results_2026[[#This Row],[Full_Name]],tblF22021[FULL_NAME],tblF22021[POINTS],"",0,1) -> 7 | AG32: =_xlfn.XLOOKUP(F6Results_2026[[#This Row],[Full_Name]],tblF42023[FULL_NAME],tblF42023[DIVISION],"",0,1) -> I | AH32: =_xlfn.XLOOKUP(F6Results_2026[[#This Row],[Full_Name]],tblF42023[FULL_NAME],tblF42023[TOTAL A''S],"",0,1) -> 5 | AK32: Advanced Mathematics | AL32: =COUNTIFS(Fact_Subject_Grade!$G:$G,"Adv_Math",Fact_Subject_Grade!$H:$H,AL$21) -> 0 | AM32: =COUNTIFS(Fact_Subject_Grade!$G:$G,"Adv_Math",Fact_Subject_Grade!$H:$H,AM$21) -> 0 | AN32: =COUNTIFS(Fact_Subject_Grade!$G:$G,"Adv_Math",Fact_Subject_Grade!$H:$H,AN$21) -> 10 | AO32: =COUNTIFS(Fact_Subject_Grade!$G:$G,"Adv_Math",Fact_Subject_Grade!$H:$H,AO$21) -> 16 | AP32: =COUNTIFS(Fact_Subject_Grade!$G:$G,"Adv_Math",Fact_Subject_Grade!$H:$H,AP$21) -> 20 | AQ32: =COUNTIFS(Fact_Subject_Grade!$G:$G,"Adv_Math",Fact_Subject_Grade!$H:$H,AQ$21) -> 7 | AR32: =COUNTIFS(Fact_Subject_Grade!$G:$G,"Adv_Math",Fact_Subject_Grade!$H:$H,AR$21) -> 9 | AS32: =SUM(AL32:AR32) -> 62 | AT32: =IFERROR((SUMPRODUCT(AL32:AR32,{5,4,3,2,1,0.5,0})/(AS32*5))*100,"") -> 27.580645 | AU32: =SUM(AO32:AR32) -> 52 | AV32: =IFERROR(SUMPRODUCT(AL32:AR32,{1,2,3,4,5,6,7})/AS32,"") -> 4.8225806 | AW32: =IF(AV32="","",IF(AV32<=1.4999,"A-EXCELLENT",IF(AV32<=2.4999,"B-VERY GOOD",IF(AV32<=3.4999,"C-GOOD",IF(AV32<=4.4999,"D-AVERAGE",IF(AV32<=5.4999,"E-SATISFACTORY",IF(AV32<=6.4999,"S-SUBSIDIARY",IF(AV32<=7,"F-FAIL","")))))))) -> E-SATISFACTORY
A33: S4459/0595 | B33: 2026 | C33: 20130285603 | D33: DANIEL EVATHONY MWANZIA | E33: PCM | F33: Science | G33: M | H33: {=_xlfn.LET( _xlpm.g, F6Results_2026[[#This Row],[Hist]:[Acco]], _xlpm.pts, _xlfn.MAP(_xlpm.g, _xlfn.LAMBDA(_xlpm.x, IFERROR(VLOOKUP(_xlpm.x, AlevelPts, 2, FALSE), ""))), _xlpm.validPts, _xlfn._xlws.FILTER(_xlpm.pts, ISNUMBER(_xlpm.pts)), _xlpm.allBlank, SUM(--(_xlpm.g=""))=COLUMNS(_xlpm.g), IF( _xlpm.allBlank, "ABS", IFERROR(SUM(_xlpm.validPts), "") ) )} -> 17 | I33: =VLOOKUP(H33,$AO$11:$AP$17,2,TRUE) -> III | J33: ST.JUDE | K33: D | Q33: E | R33: F | U33: E | Z33: {=SUM(IF(K33:Y33="A",1,0), IF(K33:Y33="B",2,0), IF(K33:Y33="C",3,0), IF(K33:Y33="D",4,0), IF(K33:Y33="E",5,0), IF(K33:Y33="S",6,0), IF(K33:Y33="F",7,0))} -> 21 | AA33: =_xlfn.XLOOKUP(F6Results_2026[[#This Row],[Full_Name]],tblF42023[FULL_NAME],tblF42023[POINTS],"",0,1) -> 7 | AB33: =_xlfn.XLOOKUP(F6Results_2026[[#This Row],[Full_Name]],tblF42023[FULL_NAME],tblF42023[DIVISION],"",0,1) -> I | AC33: =_xlfn.XLOOKUP(F6Results_2026[[#This Row],[Full_Name]],tblF42023[FULL_NAME],tblF42023[POINTS],"",0,1) -> 7 | AD33: =IFERROR( INDEX(tblF42023[[HKL]:[CBA]], MATCH(F6Results_2026[[#This Row],[Full_Name]], tblF42023[FULL_NAME], 0), MATCH(F6Results_2026[[#This Row],[Comb]], tblF42023[[#Headers],[HKL]:[CBA]], 0) ), "" ) -> 5 | AE33: =IFERROR( INDEX(tblF42023[], MATCH(F6Results_2026[[#This Row],[Full_Name]], tblF42023[FULL_NAME], 0), MATCH(F6Results_2026[[#This Row],[Comb]] & "_Q", tblF42023[#Headers], 0) ), "" ) -> Y | AF33: =_xlfn.XLOOKUP(F6Results_2026[[#This Row],[Full_Name]],tblF22021[FULL_NAME],tblF22021[POINTS],"",0,1) -> 7 | AG33: =_xlfn.XLOOKUP(F6Results_2026[[#This Row],[Full_Name]],tblF42023[FULL_NAME],tblF42023[DIVISION],"",0,1) -> I | AH33: =_xlfn.XLOOKUP(F6Results_2026[[#This Row],[Full_Name]],tblF42023[FULL_NAME],tblF42023[TOTAL A''S],"",0,1) -> 7 | AK33: Computer Science | AL33: =COUNTIFS(Fact_Subject_Grade!$G:$G,"Comp_Sci",Fact_Subject_Grade!$H:$H,AL$21) -> 0 | AM33: =COUNTIFS(Fact_Subject_Grade!$G:$G,"Comp_Sci",Fact_Subject_Grade!$H:$H,AM$21) -> 0 | AN33: =COUNTIFS(Fact_Subject_Grade!$G:$G,"Comp_Sci",Fact_Subject_Grade!$H:$H,AN$21) -> 3 | AO33: =COUNTIFS(Fact_Subject_Grade!$G:$G,"Comp_Sci",Fact_Subject_Grade!$H:$H,AO$21) -> 3 | AP33: =COUNTIFS(Fact_Subject_Grade!$G:$G,"Comp_Sci",Fact_Subject_Grade!$H:$H,AP$21) -> 0 | AQ33: =COUNTIFS(Fact_Subject_Grade!$G:$G,"Comp_Sci",Fact_Subject_Grade!$H:$H,AQ$21) -> 0 | AR33: =COUNTIFS(Fact_Subject_Grade!$G:$G,"Comp_Sci",Fact_Subject_Grade!$H:$H,AR$21) -> 1 | AS33: =SUM(AL33:AR33) -> 7 | AT33: =IFERROR((SUMPRODUCT(AL33:AR33,{5,4,3,2,1,0.5,0})/(AS33*5))*100,"") -> 42.857143 | AU33: =SUM(AO33:AR33) -> 4 | AV33: =IFERROR(SUMPRODUCT(AL33:AR33,{1,2,3,4,5,6,7})/AS33,"") -> 4 | AW33: =IF(AV33="","",IF(AV33<=1.4999,"A-EXCELLENT",IF(AV33<=2.4999,"B-VERY GOOD",IF(AV33<=3.4999,"C-GOOD",IF(AV33<=4.4999,"D-AVERAGE",IF(AV33<=5.4999,"E-SATISFACTORY",IF(AV33<=6.4999,"S-SUBSIDIARY",IF(AV33<=7,"F-FAIL","")))))))) -> D-AVERAGE
A34: S4459/0664 | B34: 2026 | C34: 20130285604 | D34: DANIEL ISAYA KIVUYO | E34: ECA | F34: Business | G34: M | H34: {=_xlfn.LET( _xlpm.g, F6Results_2026[[#This Row],[Hist]:[Acco]], _xlpm.pts, _xlfn.MAP(_xlpm.g, _xlfn.LAMBDA(_xlpm.x, IFERROR(VLOOKUP(_xlpm.x, AlevelPts, 2, FALSE), ""))), _xlpm.validPts, _xlfn._xlws.FILTER(_xlpm.pts, ISNUMBER(_xlpm.pts)), _xlpm.allBlank, SUM(--(_xlpm.g=""))=COLUMNS(_xlpm.g), IF( _xlpm.allBlank, "ABS", IFERROR(SUM(_xlpm.validPts), "") ) )} -> 14 | I34: =VLOOKUP(H34,$AO$11:$AP$17,2,TRUE) -> III | J34: ST.JUDE | K34: F | L34: F | W34: C | X34: F | Y34: D | Z34: {=SUM(IF(K34:Y34="A",1,0), IF(K34:Y34="B",2,0), IF(K34:Y34="C",3,0), IF(K34:Y34="D",4,0), IF(K34:Y34="E",5,0), IF(K34:Y34="S",6,0), IF(K34:Y34="F",7,0))} -> 28 | AA34: =_xlfn.XLOOKUP(F6Results_2026[[#This Row],[Full_Name]],tblF42023[FULL_NAME],tblF42023[POINTS],"",0,1) -> 12 | AB34: =_xlfn.XLOOKUP(F6Results_2026[[#This Row],[Full_Name]],tblF42023[FULL_NAME],tblF42023[DIVISION],"",0,1) -> I | AC34: =_xlfn.XLOOKUP(F6Results_2026[[#This Row],[Full_Name]],tblF42023[FULL_NAME],tblF42023[POINTS],"",0,1) -> 12 | AD34: =IFERROR( INDEX(tblF42023[[HKL]:[CBA]], MATCH(F6Results_2026[[#This Row],[Full_Name]], tblF42023[FULL_NAME], 0), MATCH(F6Results_2026[[#This Row],[Comb]], tblF42023[[#Headers],[HKL]:[CBA]], 0) ), "" ) | AE34: =IFERROR( INDEX(tblF42023[], MATCH(F6Results_2026[[#This Row],[Full_Name]], tblF42023[FULL_NAME], 0), MATCH(F6Results_2026[[#This Row],[Comb]] & "_Q", tblF42023[#Headers], 0) ), "" ) | AF34: =_xlfn.XLOOKUP(F6Results_2026[[#This Row],[Full_Name]],tblF22021[FULL_NAME],tblF22021[POINTS],"",0,1) -> 10 | AG34: =_xlfn.XLOOKUP(F6Results_2026[[#This Row],[Full_Name]],tblF42023[FULL_NAME],tblF42023[DIVISION],"",0,1) -> I | AH34: =_xlfn.XLOOKUP(F6Results_2026[[#This Row],[Full_Name]],tblF42023[FULL_NAME],tblF42023[TOTAL A''S],"",0,1) -> 3 | AK34: Economics | AL34: =COUNTIFS(Fact_Subject_Grade!$G:$G,"Econ",Fact_Subject_Grade!$H:$H,AL$21) -> 0 | AM34: =COUNTIFS(Fact_Subject_Grade!$G:$G,"Econ",Fact_Subject_Grade!$H:$H,AM$21) -> 0 | AN34: =COUNTIFS(Fact_Subject_Grade!$G:$G,"Econ",Fact_Subject_Grade!$H:$H,AN$21) -> 14 | AO34: =COUNTIFS(Fact_Subject_Grade!$G:$G,"Econ",Fact_Subject_Grade!$H:$H,AO$21) -> 7 | AP34: =COUNTIFS(Fact_Subject_Grade!$G:$G,"Econ",Fact_Subject_Grade!$H:$H,AP$21) -> 1 | AQ34: =COUNTIFS(Fact_Subject_Grade!$G:$G,"Econ",Fact_Subject_Grade!$H:$H,AQ$21) -> 0 | AR34: =COUNTIFS(Fact_Subject_Grade!$G:$G,"Econ",Fact_Subject_Grade!$H:$H,AR$21) -> 18 | AS34: =SUM(AL34:AR34) -> 40 | AT34: =IFERROR((SUMPRODUCT(AL34:AR34,{5,4,3,2,1,0.5,0})/(AS34*5))*100,"") -> 28.5 | AU34: =SUM(AO34:AR34) -> 26 | AV34: =IFERROR(SUMPRODUCT(AL34:AR34,{1,2,3,4,5,6,7})/AS34,"") -> 5.025 | AW34: =IF(AV34="","",IF(AV34<=1.4999,"A-EXCELLENT",IF(AV34<=2.4999,"B-VERY GOOD",IF(AV34<=3.4999,"C-GOOD",IF(AV34<=4.4999,"D-AVERAGE",IF(AV34<=5.4999,"E-SATISFACTORY",IF(AV34<=6.4999,"S-SUBSIDIARY",IF(AV34<=7,"F-FAIL","")))))))) -> E-SATISFACTORY
A35: S4459/0572 | B35: 2026 | C35: 20130285606 | D35: ERICK DAVID MNANKA | E35: EGM | F35: Business | G35: M | H35: {=_xlfn.LET( _xlpm.g, F6Results_2026[[#This Row],[Hist]:[Acco]], _xlpm.pts, _xlfn.MAP(_xlpm.g, _xlfn.LAMBDA(_xlpm.x, IFERROR(VLOOKUP(_xlpm.x, AlevelPts, 2, FALSE), ""))), _xlpm.validPts, _xlfn._xlws.FILTER(_xlpm.pts, ISNUMBER(_xlpm.pts)), _xlpm.allBlank, SUM(--(_xlpm.g=""))=COLUMNS(_xlpm.g), IF( _xlpm.allBlank, "ABS", IFERROR(SUM(_xlpm.validPts), "") ) )} -> 8 | I35: =VLOOKUP(H35,$AO$11:$AP$17,2,TRUE) -> I | J35: ST.JUDE | K35: F | N35: B | U35: C | W35: C | Z35: {=SUM(IF(K35:Y35="A",1,0), IF(K35:Y35="B",2,0), IF(K35:Y35="C",3,0), IF(K35:Y35="D",4,0), IF(K35:Y35="E",5,0), IF(K35:Y35="S",6,0), IF(K35:Y35="F",7,0))} -> 15 | AA35: =_xlfn.XLOOKUP(F6Results_2026[[#This Row],[Full_Name]],tblF42023[FULL_NAME],tblF42023[POINTS],"",0,1) -> 7 | AB35: =_xlfn.XLOOKUP(F6Results_2026[[#This Row],[Full_Name]],tblF42023[FULL_NAME],tblF42023[DIVISION],"",0,1) -> I | AC35: =_xlfn.XLOOKUP(F6Results_2026[[#This Row],[Full_Name]],tblF42023[FULL_NAME],tblF42023[POINTS],"",0,1) -> 7 | AD35: =IFERROR( INDEX(tblF42023[[HKL]:[CBA]], MATCH(F6Results_2026[[#This Row],[Full_Name]], tblF42023[FULL_NAME], 0), MATCH(F6Results_2026[[#This Row],[Comb]], tblF42023[[#Headers],[HKL]:[CBA]], 0) ), "" ) -> 3 | AE35: =IFERROR( INDEX(tblF42023[], MATCH(F6Results_2026[[#This Row],[Full_Name]], tblF42023[FULL_NAME], 0), MATCH(F6Results_2026[[#This Row],[Comb]] & "_Q", tblF42023[#Headers], 0) ), "" ) -> Y | AF35: =_xlfn.XLOOKUP(F6Results_2026[[#This Row],[Full_Name]],tblF22021[FULL_NAME],tblF22021[POINTS],"",0,1) -> 7 | AG35: =_xlfn.XLOOKUP(F6Results_2026[[#This Row],[Full_Name]],tblF42023[FULL_NAME],tblF42023[DIVISION],"",0,1) -> I | AH35: =_xlfn.XLOOKUP(F6Results_2026[[#This Row],[Full_Name]],tblF42023[FULL_NAME],tblF42023[TOTAL A''S],"",0,1) -> 8 | AK35: Commerce | AL35: =COUNTIFS(Fact_Subject_Grade!$G:$G,"Comm",Fact_Subject_Grade!$H:$H,AL$21) -> 0 | AM35: =COUNTIFS(Fact_Subject_Grade!$G:$G,"Comm",Fact_Subject_Grade!$H:$H,AM$21) -> 0 | AN35: =COUNTIFS(Fact_Subject_Grade!$G:$G,"Comm",Fact_Subject_Grade!$H:$H,AN$21) -> 0 | AO35: =COUNTIFS(Fact_Subject_Grade!$G:$G,"Comm",Fact_Subject_Grade!$H:$H,AO$21) -> 0 | AP35: =COUNTIFS(Fact_Subject_Grade!$G:$G,"Comm",Fact_Subject_Grade!$H:$H,AP$21) -> 0 | AQ35: =COUNTIFS(Fact_Subject_Grade!$G:$G,"Comm",Fact_Subject_Grade!$H:$H,AQ$21) -> 0 | AR35: =COUNTIFS(Fact_Subject_Grade!$G:$G,"Comm",Fact_Subject_Grade!$H:$H,AR$21) -> 13 | AS35: =SUM(AL35:AR35) -> 13 | AT35: =IFERROR((SUMPRODUCT(AL35:AR35,{5,4,3,2,1,0.5,0})/(AS35*5))*100,"") -> 0 | AU35: =SUM(AO35:AR35) -> 13 | AV35: =IFERROR(SUMPRODUCT(AL35:AR35,{1,2,3,4,5,6,7})/AS35,"") -> 7 | AW35: =IF(AV35="","",IF(AV35<=1.4999,"A-EXCELLENT",IF(AV35<=2.4999,"B-VERY GOOD",IF(AV35<=3.4999,"C-GOOD",IF(AV35<=4.4999,"D-AVERAGE",IF(AV35<=5.4999,"E-SATISFACTORY",IF(AV35<=6.4999,"S-SUBSIDIARY",IF(AV35<=7,"F-FAIL","")))))))) -> F-FAIL
A36: S4459/0678 | B36: 2026 | C36: 20130285608 | D36: FRANCIS ALTO NICHOMBE | E36: CBA | F36: Science | G36: M | H36: {=_xlfn.LET( _xlpm.g, F6Results_2026[[#This Row],[Hist]:[Acco]], _xlpm.pts, _xlfn.MAP(_xlpm.g, _xlfn.LAMBDA(_xlpm.x, IFERROR(VLOOKUP(_xlpm.x, AlevelPts, 2, FALSE), ""))), _xlpm.validPts, _xlfn._xlws.FILTER(_xlpm.pts, ISNUMBER(_xlpm.pts)), _xlpm.allBlank, SUM(--(_xlpm.g=""))=COLUMNS(_xlpm.g), IF( _xlpm.allBlank, "ABS", IFERROR(SUM(_xlpm.validPts), "") ) )} -> 17 | I36: =VLOOKUP(H36,$AO$11:$AP$17,2,TRUE) -> III | J36: ST.JUDE | K36: D | L36: C | R36: C | S36: F | T36: F | AA36: =_xlfn.XLOOKUP(F6Results_2026[[#This Row],[Full_Name]],tblF42023[FULL_NAME],tblF42023[POINTS],"",0,1) -> 7 | AB36: =_xlfn.XLOOKUP(F6Results_2026[[#This Row],[Full_Name]],tblF42023[FULL_NAME],tblF42023[DIVISION],"",0,1) -> I | AC36: =_xlfn.XLOOKUP(F6Results_2026[[#This Row],[Full_Name]],tblF42023[FULL_NAME],tblF42023[POINTS],"",0,1) -> 7 | AD36: =IFERROR( INDEX(tblF42023[[HKL]:[CBA]], MATCH(F6Results_2026[[#This Row],[Full_Name]], tblF42023[FULL_NAME], 0), MATCH(F6Results_2026[[#This Row],[Comb]], tblF42023[[#Headers],[HKL]:[CBA]], 0) ), "" ) -> 4 | AE36: =IFERROR( INDEX(tblF42023[], MATCH(F6Results_2026[[#This Row],[Full_Name]], tblF42023[FULL_NAME], 0), MATCH(F6Results_2026[[#This Row],[Comb]] & "_Q", tblF42023[#Headers], 0) ), "" ) -> Y | AF36: =_xlfn.XLOOKUP(F6Results_2026[[#This Row],[Full_Name]],tblF22021[FULL_NAME],tblF22021[POINTS],"",0,1) -> 7 | AG36: =_xlfn.XLOOKUP(F6Results_2026[[#This Row],[Full_Name]],tblF42023[FULL_NAME],tblF42023[DIVISION],"",0,1) -> I | AH36: =_xlfn.XLOOKUP(F6Results_2026[[#This Row],[Full_Name]],tblF42023[FULL_NAME],tblF42023[TOTAL A''S],"",0,1) -> 8 | AK36: Accountancy | AL36: =COUNTIFS(Fact_Subject_Grade!$G:$G,"Acco",Fact_Subject_Grade!$H:$H,AL$21) -> 0 | AM36: =COUNTIFS(Fact_Subject_Grade!$G:$G,"Acco",Fact_Subject_Grade!$H:$H,AM$21) -> 0 | AN36: =COUNTIFS(Fact_Subject_Grade!$G:$G,"Acco",Fact_Subject_Grade!$H:$H,AN$21) -> 4 | AO36: =COUNTIFS(Fact_Subject_Grade!$G:$G,"Acco",Fact_Subject_Grade!$H:$H,AO$21) -> 5 | AP36: =COUNTIFS(Fact_Subject_Grade!$G:$G,"Acco",Fact_Subject_Grade!$H:$H,AP$21) -> 1 | AQ36: =COUNTIFS(Fact_Subject_Grade!$G:$G,"Acco",Fact_Subject_Grade!$H:$H,AQ$21) -> 0 | AR36: =COUNTIFS(Fact_Subject_Grade!$G:$G,"Acco",Fact_Subject_Grade!$H:$H,AR$21) -> 3 | AS36: =SUM(AL36:AR36) -> 13 | AT36: =IFERROR((SUMPRODUCT(AL36:AR36,{5,4,3,2,1,0.5,0})/(AS36*5))*100,"") -> 35.384615 | AU36: =SUM(AO36:AR36) -> 9 | AV36: =IFERROR(SUMPRODUCT(AL36:AR36,{1,2,3,4,5,6,7})/AS36,"") -> 4.4615385 | AW36: =IF(AV36="","",IF(AV36<=1.4999,"A-EXCELLENT",IF(AV36<=2.4999,"B-VERY GOOD",IF(AV36<=3.4999,"C-GOOD",IF(AV36<=4.4999,"D-AVERAGE",IF(AV36<=5.4999,"E-SATISFACTORY",IF(AV36<=6.4999,"S-SUBSIDIARY",IF(AV36<=7,"F-FAIL","")))))))) -> D-AVERAGE
A37: S4459/0522 | B37: 2026 | C37: 20130285609 | D37: FRED JOSEPH MASWI | E37: HGL | F37: Arts | G37: M | H37: {=_xlfn.LET( _xlpm.g, F6Results_2026[[#This Row],[Hist]:[Acco]], _xlpm.pts, _xlfn.MAP(_xlpm.g, _xlfn.LAMBDA(_xlpm.x, IFERROR(VLOOKUP(_xlpm.x, AlevelPts, 2, FALSE), ""))), _xlpm.validPts, _xlfn._xlws.FILTER(_xlpm.pts, ISNUMBER(_xlpm.pts)), _xlpm.allBlank, SUM(--(_xlpm.g=""))=COLUMNS(_xlpm.g), IF( _xlpm.allBlank, "ABS", IFERROR(SUM(_xlpm.validPts), "") ) )} -> 9 | I37: =VLOOKUP(H37,$AO$11:$AP$17,2,TRUE) -> I | J37: ST.JUDE | K37: E | M37: C | N37: C | P37: C | Z37: {=SUM(IF(K37:Y37="A",1,0), IF(K37:Y37="B",2,0), IF(K37:Y37="C",3,0), IF(K37:Y37="D",4,0), IF(K37:Y37="E",5,0), IF(K37:Y37="S",6,0), IF(K37:Y37="F",7,0))} -> 14 | AA37: =_xlfn.XLOOKUP(F6Results_2026[[#This Row],[Full_Name]],tblF42023[FULL_NAME],tblF42023[POINTS],"",0,1) -> 9 | AB37: =_xlfn.XLOOKUP(F6Results_2026[[#This Row],[Full_Name]],tblF42023[FULL_NAME],tblF42023[DIVISION],"",0,1) -> I | AC37: =_xlfn.XLOOKUP(F6Results_2026[[#This Row],[Full_Name]],tblF42023[FULL_NAME],tblF42023[POINTS],"",0,1) -> 9 | AD37: =IFERROR( INDEX(tblF42023[[HKL]:[CBA]], MATCH(F6Results_2026[[#This Row],[Full_Name]], tblF42023[FULL_NAME], 0), MATCH(F6Results_2026[[#This Row],[Comb]], tblF42023[[#Headers],[HKL]:[CBA]], 0) ), "" ) -> 4 | AE37: =IFERROR( INDEX(tblF42023[], MATCH(F6Results_2026[[#This Row],[Full_Name]], tblF42023[FULL_NAME], 0), MATCH(F6Results_2026[[#This Row],[Comb]] & "_Q", tblF42023[#Headers], 0) ), "" ) -> Y | AF37: =_xlfn.XLOOKUP(F6Results_2026[[#This Row],[Full_Name]],tblF22021[FULL_NAME],tblF22021[POINTS],"",0,1) -> 7 | AG37: =_xlfn.XLOOKUP(F6Results_2026[[#This Row],[Full_Name]],tblF42023[FULL_NAME],tblF42023[DIVISION],"",0,1) -> I | AH37: =_xlfn.XLOOKUP(F6Results_2026[[#This Row],[Full_Name]],tblF42023[FULL_NAME],tblF42023[TOTAL A''S],"",0,1) -> 5 | AL37: =SUM(AL22:AL36) -> 33 | AM37: =SUM(AM22:AM36) -> 23 | AN37: =SUM(AN22:AN36) -> 190 | AO37: =SUM(AO22:AO36) -> 185 | AP37: =SUM(AP22:AP36) -> 156 | AQ37: =SUM(AQ22:AQ36) -> 38 | AR37: =SUM(AR22:AR36) -> 131 | AS37: =SUM(AS22:AS36) -> 756
A38: S4459/0573 | B38: 2026 | C38: 20130285610 | D38: GASTON CALIST MWASE | E38: EGM | F38: Business | G38: M | H38: {=_xlfn.LET( _xlpm.g, F6Results_2026[[#This Row],[Hist]:[Acco]], _xlpm.pts, _xlfn.MAP(_xlpm.g, _xlfn.LAMBDA(_xlpm.x, IFERROR(VLOOKUP(_xlpm.x, AlevelPts, 2, FALSE), ""))), _xlpm.validPts, _xlfn._xlws.FILTER(_xlpm.pts, ISNUMBER(_xlpm.pts)), _xlpm.allBlank, SUM(--(_xlpm.g=""))=COLUMNS(_xlpm.g), IF( _xlpm.allBlank, "ABS", IFERROR(SUM(_xlpm.validPts), "") ) )} -> 12 | I38: =VLOOKUP(H38,$AO$11:$AP$17,2,TRUE) -> II | J38: ST.JUDE | K38: D | N38: B | U38: C | W38: F | Z38: {=SUM(IF(K38:Y38="A",1,0), IF(K38:Y38="B",2,0), IF(K38:Y38="C",3,0), IF(K38:Y38="D",4,0), IF(K38:Y38="E",5,0), IF(K38:Y38="S",6,0), IF(K38:Y38="F",7,0))} -> 16 | AA38: =_xlfn.XLOOKUP(F6Results_2026[[#This Row],[Full_Name]],tblF42023[FULL_NAME],tblF42023[POINTS],"",0,1) -> 7 | AB38: =_xlfn.XLOOKUP(F6Results_2026[[#This Row],[Full_Name]],tblF42023[FULL_NAME],tblF42023[DIVISION],"",0,1) -> I | AC38: =_xlfn.XLOOKUP(F6Results_2026[[#This Row],[Full_Name]],tblF42023[FULL_NAME],tblF42023[POINTS],"",0,1) -> 7 | AD38: =IFERROR( INDEX(tblF42023[[HKL]:[CBA]], MATCH(F6Results_2026[[#This Row],[Full_Name]], tblF42023[FULL_NAME], 0), MATCH(F6Results_2026[[#This Row],[Comb]], tblF42023[[#Headers],[HKL]:[CBA]], 0) ), "" ) -> 3 | AE38: =IFERROR( INDEX(tblF42023[], MATCH(F6Results_2026[[#This Row],[Full_Name]], tblF42023[FULL_NAME], 0), MATCH(F6Results_2026[[#This Row],[Comb]] & "_Q", tblF42023[#Headers], 0) ), "" ) -> Y | AF38: =_xlfn.XLOOKUP(F6Results_2026[[#This Row],[Full_Name]],tblF22021[FULL_NAME],tblF22021[POINTS],"",0,1) -> 7 | AG38: =_xlfn.XLOOKUP(F6Results_2026[[#This Row],[Full_Name]],tblF42023[FULL_NAME],tblF42023[DIVISION],"",0,1) -> I | AH38: =_xlfn.XLOOKUP(F6Results_2026[[#This Row],[Full_Name]],tblF42023[FULL_NAME],tblF42023[TOTAL A''S],"",0,1) -> 7
A39: S4459/0640 | B39: 2026 | C39: 20130285611 | D39: GEOVIN STEVEN MACHA | E39: PCB | F39: Science | G39: M | H39: {=_xlfn.LET( _xlpm.g, F6Results_2026[[#This Row],[Hist]:[Acco]], _xlpm.pts, _xlfn.MAP(_xlpm.g, _xlfn.LAMBDA(_xlpm.x, IFERROR(VLOOKUP(_xlpm.x, AlevelPts, 2, FALSE), ""))), _xlpm.validPts, _xlfn._xlws.FILTER(_xlpm.pts, ISNUMBER(_xlpm.pts)), _xlpm.allBlank, SUM(--(_xlpm.g=""))=COLUMNS(_xlpm.g), IF( _xlpm.allBlank, "ABS", IFERROR(SUM(_xlpm.validPts), "") ) )} -> 21 | I39: =VLOOKUP(H39,$AO$11:$AP$17,2,TRUE) -> O | J39: ST.JUDE | K39: F | L39: A | Q39: F | R39: F | S39: F | Z39: {=SUM(IF(K39:Y39="A",1,0), IF(K39:Y39="B",2,0), IF(K39:Y39="C",3,0), IF(K39:Y39="D",4,0), IF(K39:Y39="E",5,0), IF(K39:Y39="S",6,0), IF(K39:Y39="F",7,0))} -> 29 | AA39: =_xlfn.XLOOKUP(F6Results_2026[[#This Row],[Full_Name]],tblF42023[FULL_NAME],tblF42023[POINTS],"",0,1) -> 7 | AB39: =_xlfn.XLOOKUP(F6Results_2026[[#This Row],[Full_Name]],tblF42023[FULL_NAME],tblF42023[DIVISION],"",0,1) -> I | AC39: =_xlfn.XLOOKUP(F6Results_2026[[#This Row],[Full_Name]],tblF42023[FULL_NAME],tblF42023[POINTS],"",0,1) -> 7 | AD39: =IFERROR( INDEX(tblF42023[[HKL]:[CBA]], MATCH(F6Results_2026[[#This Row],[Full_Name]], tblF42023[FULL_NAME], 0), MATCH(F6Results_2026[[#This Row],[Comb]], tblF42023[[#Headers],[HKL]:[CBA]], 0) ), "" ) -> 4 | AE39: =IFERROR( INDEX(tblF42023[], MATCH(F6Results_2026[[#This Row],[Full_Name]], tblF42023[FULL_NAME], 0), MATCH(F6Results_2026[[#This Row],[Comb]] & "_Q", tblF42023[#Headers], 0) ), "" ) -> Y | AF39: =_xlfn.XLOOKUP(F6Results_2026[[#This Row],[Full_Name]],tblF22021[FULL_NAME],tblF22021[POINTS],"",0,1) -> 7 | AG39: =_xlfn.XLOOKUP(F6Results_2026[[#This Row],[Full_Name]],tblF42023[FULL_NAME],tblF42023[DIVISION],"",0,1) -> I | AH39: =_xlfn.XLOOKUP(F6Results_2026[[#This Row],[Full_Name]],tblF42023[FULL_NAME],tblF42023[TOTAL A''S],"",0,1) -> 9 | AK39: GP | AL39: MALE DP | AM39: FEMALE DP
A40: S4459/0687 | B40: 2026 | C40: 20130285615 | D40: HARUNI LOISHOOKI NAFTAL | E40: PMCs | F40: Science | G40: M | H40: {=_xlfn.LET( _xlpm.g, F6Results_2026[[#This Row],[Hist]:[Acco]], _xlpm.pts, _xlfn.MAP(_xlpm.g, _xlfn.LAMBDA(_xlpm.x, IFERROR(VLOOKUP(_xlpm.x, AlevelPts, 2, FALSE), ""))), _xlpm.validPts, _xlfn._xlws.FILTER(_xlpm.pts, ISNUMBER(_xlpm.pts)), _xlpm.allBlank, SUM(--(_xlpm.g=""))=COLUMNS(_xlpm.g), IF( _xlpm.allBlank, "ABS", IFERROR(SUM(_xlpm.validPts), "") ) )} -> 17 | I40: =VLOOKUP(H40,$AO$11:$AP$17,2,TRUE) -> III | J40: ST.JUDE | K40: F | Q40: E | U40: E | V40: F | AA40: =_xlfn.XLOOKUP(F6Results_2026[[#This Row],[Full_Name]],tblF42023[FULL_NAME],tblF42023[POINTS],"",0,1) -> 9 | AB40: =_xlfn.XLOOKUP(F6Results_2026[[#This Row],[Full_Name]],tblF42023[FULL_NAME],tblF42023[DIVISION],"",0,1) -> I | AC40: =_xlfn.XLOOKUP(F6Results_2026[[#This Row],[Full_Name]],tblF42023[FULL_NAME],tblF42023[POINTS],"",0,1) -> 9 | AD40: =IFERROR( INDEX(tblF42023[[HKL]:[CBA]], MATCH(F6Results_2026[[#This Row],[Full_Name]], tblF42023[FULL_NAME], 0), MATCH(F6Results_2026[[#This Row],[Comb]], tblF42023[[#Headers],[HKL]:[CBA]], 0) ), "" ) | AE40: =IFERROR( INDEX(tblF42023[], MATCH(F6Results_2026[[#This Row],[Full_Name]], tblF42023[FULL_NAME], 0), MATCH(F6Results_2026[[#This Row],[Comb]] & "_Q", tblF42023[#Headers], 0) ), "" ) | AF40: =_xlfn.XLOOKUP(F6Results_2026[[#This Row],[Full_Name]],tblF22021[FULL_NAME],tblF22021[POINTS],"",0,1) -> 7 | AG40: =_xlfn.XLOOKUP(F6Results_2026[[#This Row],[Full_Name]],tblF42023[FULL_NAME],tblF42023[DIVISION],"",0,1) -> I | AH40: =_xlfn.XLOOKUP(F6Results_2026[[#This Row],[Full_Name]],tblF42023[FULL_NAME],tblF42023[TOTAL A''S],"",0,1) -> 5 | AJ40: A | AK40: =AL37*1 -> 33 | AL40: =COUNTIFS(F6Results_2026[Sex],"M",F6Results_2026[Div],"I")*1 -> 12 | AM40: =COUNTIFS(F6Results_2026[Sex],"F",F6Results_2026[Div],"I")*1 -> 26 | AN40: =SUM(AL40:AM40) -> 38
A41: S4459/0599 | B41: 2026 | C41: 20130285616 | D41: HENRY REVOCATUS SHELEMBI | E41: PCM | F41: Science | G41: M | H41: {=_xlfn.LET( _xlpm.g, F6Results_2026[[#This Row],[Hist]:[Acco]], _xlpm.pts, _xlfn.MAP(_xlpm.g, _xlfn.LAMBDA(_xlpm.x, IFERROR(VLOOKUP(_xlpm.x, AlevelPts, 2, FALSE), ""))), _xlpm.validPts, _xlfn._xlws.FILTER(_xlpm.pts, ISNUMBER(_xlpm.pts)), _xlpm.allBlank, SUM(--(_xlpm.g=""))=COLUMNS(_xlpm.g), IF( _xlpm.allBlank, "ABS", IFERROR(SUM(_xlpm.validPts), "") ) )} -> 21 | I41: =VLOOKUP(H41,$AO$11:$AP$17,2,TRUE) -> O | J41: ST.JUDE | K41: E | Q41: F | R41: F | U41: F | Z41: {=SUM(IF(K41:Y41="A",1,0), IF(K41:Y41="B",2,0), IF(K41:Y41="C",3,0), IF(K41:Y41="D",4,0), IF(K41:Y41="E",5,0), IF(K41:Y41="S",6,0), IF(K41:Y41="F",7,0))} -> 26 | AA41: =_xlfn.XLOOKUP(F6Results_2026[[#This Row],[Full_Name]],tblF42023[FULL_NAME],tblF42023[POINTS],"",0,1) -> 7 | AB41: =_xlfn.XLOOKUP(F6Results_2026[[#This Row],[Full_Name]],tblF42023[FULL_NAME],tblF42023[DIVISION],"",0,1) -> I | AC41: =_xlfn.XLOOKUP(F6Results_2026[[#This Row],[Full_Name]],tblF42023[FULL_NAME],tblF42023[POINTS],"",0,1) -> 7 | AD41: =IFERROR( INDEX(tblF42023[[HKL]:[CBA]], MATCH(F6Results_2026[[#This Row],[Full_Name]], tblF42023[FULL_NAME], 0), MATCH(F6Results_2026[[#This Row],[Comb]], tblF42023[[#Headers],[HKL]:[CBA]], 0) ), "" ) -> 3 | AE41: =IFERROR( INDEX(tblF42023[], MATCH(F6Results_2026[[#This Row],[Full_Name]], tblF42023[FULL_NAME], 0), MATCH(F6Results_2026[[#This Row],[Comb]] & "_Q", tblF42023[#Headers], 0) ), "" ) -> Y | AF41: =_xlfn.XLOOKUP(F6Results_2026[[#This Row],[Full_Name]],tblF22021[FULL_NAME],tblF22021[POINTS],"",0,1) -> 7 | AG41: =_xlfn.XLOOKUP(F6Results_2026[[#This Row],[Full_Name]],tblF42023[FULL_NAME],tblF42023[DIVISION],"",0,1) -> I | AH41: =_xlfn.XLOOKUP(F6Results_2026[[#This Row],[Full_Name]],tblF42023[FULL_NAME],tblF42023[TOTAL A''S],"",0,1) -> 10 | AJ41: B | AK41: =AM37*2 -> 46 | AL41: =COUNTIFS(F6Results_2026[Sex],"M",F6Results_2026[Div],"Ii")*2 -> 58 | AM41: =COUNTIFS(F6Results_2026[Sex],"F",F6Results_2026[Div],"Ii")*2 -> 72 | AN41: =SUM(AL41:AM41) -> 130
A42: S4459/0688 | B42: 2026 | C42: 20130285618 | D42: ILIASA IJUMAA MWANISENGE | E42: PMCs | F42: Science | G42: M | H42: {=_xlfn.LET( _xlpm.g, F6Results_2026[[#This Row],[Hist]:[Acco]], _xlpm.pts, _xlfn.MAP(_xlpm.g, _xlfn.LAMBDA(_xlpm.x, IFERROR(VLOOKUP(_xlpm.x, AlevelPts, 2, FALSE), ""))), _xlpm.validPts, _xlfn._xlws.FILTER(_xlpm.pts, ISNUMBER(_xlpm.pts)), _xlpm.allBlank, SUM(--(_xlpm.g=""))=COLUMNS(_xlpm.g), IF( _xlpm.allBlank, "ABS", IFERROR(SUM(_xlpm.validPts), "") ) )} -> 16 | I42: =VLOOKUP(H42,$AO$11:$AP$17,2,TRUE) -> III | J42: ST.JUDE | K42: D | Q42: S | U42: S | V42: D | AA42: =_xlfn.XLOOKUP(F6Results_2026[[#This Row],[Full_Name]],tblF42023[FULL_NAME],tblF42023[POINTS],"",0,1) -> 7 | AB42: =_xlfn.XLOOKUP(F6Results_2026[[#This Row],[Full_Name]],tblF42023[FULL_NAME],tblF42023[DIVISION],"",0,1) -> I | AC42: =_xlfn.XLOOKUP(F6Results_2026[[#This Row],[Full_Name]],tblF42023[FULL_NAME],tblF42023[POINTS],"",0,1) -> 7 | AD42: =IFERROR( INDEX(tblF42023[[HKL]:[CBA]], MATCH(F6Results_2026[[#This Row],[Full_Name]], tblF42023[FULL_NAME], 0), MATCH(F6Results_2026[[#This Row],[Comb]], tblF42023[[#Headers],[HKL]:[CBA]], 0) ), "" ) | AE42: =IFERROR( INDEX(tblF42023[], MATCH(F6Results_2026[[#This Row],[Full_Name]], tblF42023[FULL_NAME], 0), MATCH(F6Results_2026[[#This Row],[Comb]] & "_Q", tblF42023[#Headers], 0) ), "" ) | AF42: =_xlfn.XLOOKUP(F6Results_2026[[#This Row],[Full_Name]],tblF22021[FULL_NAME],tblF22021[POINTS],"",0,1) -> 7 | AG42: =_xlfn.XLOOKUP(F6Results_2026[[#This Row],[Full_Name]],tblF42023[FULL_NAME],tblF42023[DIVISION],"",0,1) -> I | AH42: =_xlfn.XLOOKUP(F6Results_2026[[#This Row],[Full_Name]],tblF42023[FULL_NAME],tblF42023[TOTAL A''S],"",0,1) -> 7 | AJ42: C | AK42: =AN37*3 -> 570 | AL42: =COUNTIFS(F6Results_2026[Sex],"M",F6Results_2026[Div],"III")*3 -> 111 | AM42: =COUNTIFS(F6Results_2026[Sex],"F",F6Results_2026[Div],"III")*3 -> 102 | AN42: =SUM(AL42:AM42) -> 213
A43: S4459/0523 | B43: 2026 | C43: 20130285619 | D43: JAMES CHARLES MAHIMBO | E43: HGL | F43: Arts | G43: M | H43: {=_xlfn.LET( _xlpm.g, F6Results_2026[[#This Row],[Hist]:[Acco]], _xlpm.pts, _xlfn.MAP(_xlpm.g, _xlfn.LAMBDA(_xlpm.x, IFERROR(VLOOKUP(_xlpm.x, AlevelPts, 2, FALSE), ""))), _xlpm.validPts, _xlfn._xlws.FILTER(_xlpm.pts, ISNUMBER(_xlpm.pts)), _xlpm.allBlank, SUM(--(_xlpm.g=""))=COLUMNS(_xlpm.g), IF( _xlpm.allBlank, "ABS", IFERROR(SUM(_xlpm.validPts), "") ) )} -> 13 | I43: =VLOOKUP(H43,$AO$11:$AP$17,2,TRUE) -> III | J43: ST.JUDE | K43: S | M43: E | N43: D | P43: D | Z43: {=SUM(IF(K43:Y43="A",1,0), IF(K43:Y43="B",2,0), IF(K43:Y43="C",3,0), IF(K43:Y43="D",4,0), IF(K43:Y43="E",5,0), IF(K43:Y43="S",6,0), IF(K43:Y43="F",7,0))} -> 19 | AA43: =_xlfn.XLOOKUP(F6Results_2026[[#This Row],[Full_Name]],tblF42023[FULL_NAME],tblF42023[POINTS],"",0,1) -> 17 | AB43: =_xlfn.XLOOKUP(F6Results_2026[[#This Row],[Full_Name]],tblF42023[FULL_NAME],tblF42023[DIVISION],"",0,1) -> I | AC43: =_xlfn.XLOOKUP(F6Results_2026[[#This Row],[Full_Name]],tblF42023[FULL_NAME],tblF42023[POINTS],"",0,1) -> 17 | AD43: =IFERROR( INDEX(tblF42023[[HKL]:[CBA]], MATCH(F6Results_2026[[#This Row],[Full_Name]], tblF42023[FULL_NAME], 0), MATCH(F6Results_2026[[#This Row],[Comb]], tblF42023[[#Headers],[HKL]:[CBA]], 0) ), "" ) -> 8 | AE43: =IFERROR( INDEX(tblF42023[], MATCH(F6Results_2026[[#This Row],[Full_Name]], tblF42023[FULL_NAME], 0), MATCH(F6Results_2026[[#This Row],[Comb]] & "_Q", tblF42023[#Headers], 0) ), "" ) -> N | AF43: =_xlfn.XLOOKUP(F6Results_2026[[#This Row],[Full_Name]],tblF22021[FULL_NAME],tblF22021[POINTS],"",0,1) -> 13 | AG43: =_xlfn.XLOOKUP(F6Results_2026[[#This Row],[Full_Name]],tblF42023[FULL_NAME],tblF42023[DIVISION],"",0,1) -> I | AH43: =_xlfn.XLOOKUP(F6Results_2026[[#This Row],[Full_Name]],tblF42023[FULL_NAME],tblF42023[TOTAL A''S],"",0,1) -> 1 | AJ43: D | AK43: =AO37*4 -> 740 | AL43: =COUNTIFS(F6Results_2026[Sex],"M",F6Results_2026[Div],"IV")*4 -> 12 | AM43: =COUNTIFS(F6Results_2026[Sex],"F",F6Results_2026[Div],"IV")*4 -> 12 | AN43: =SUM(AL43:AM43) -> 24
A44: S4459/0689 | B44: 2026 | C44: 20130285622 | D44: JOHNSON ELINAZI MNGURUTA | E44: PMCs | F44: Science | G44: M | H44: {=_xlfn.LET( _xlpm.g, F6Results_2026[[#This Row],[Hist]:[Acco]], _xlpm.pts, _xlfn.MAP(_xlpm.g, _xlfn.LAMBDA(_xlpm.x, IFERROR(VLOOKUP(_xlpm.x, AlevelPts, 2, FALSE), ""))), _xlpm.validPts, _xlfn._xlws.FILTER(_xlpm.pts, ISNUMBER(_xlpm.pts)), _xlpm.allBlank, SUM(--(_xlpm.g=""))=COLUMNS(_xlpm.g), IF( _xlpm.allBlank, "ABS", IFERROR(SUM(_xlpm.validPts), "") ) )} -> 11 | I44: =VLOOKUP(H44,$AO$11:$AP$17,2,TRUE) -> II | J44: ST.JUDE | K44: E | Q44: E | U44: C | V44: C | AA44: =_xlfn.XLOOKUP(F6Results_2026[[#This Row],[Full_Name]],tblF42023[FULL_NAME],tblF42023[POINTS],"",0,1) -> 8 | AB44: =_xlfn.XLOOKUP(F6Results_2026[[#This Row],[Full_Name]],tblF42023[FULL_NAME],tblF42023[DIVISION],"",0,1) -> I | AC44: =_xlfn.XLOOKUP(F6Results_2026[[#This Row],[Full_Name]],tblF42023[FULL_NAME],tblF42023[POINTS],"",0,1) -> 8 | AD44: =IFERROR( INDEX(tblF42023[[HKL]:[CBA]], MATCH(F6Results_2026[[#This Row],[Full_Name]], tblF42023[FULL_NAME], 0), MATCH(F6Results_2026[[#This Row],[Comb]], tblF42023[[#Headers],[HKL]:[CBA]], 0) ), "" ) | AE44: =IFERROR( INDEX(tblF42023[], MATCH(F6Results_2026[[#This Row],[Full_Name]], tblF42023[FULL_NAME], 0), MATCH(F6Results_2026[[#This Row],[Comb]] & "_Q", tblF42023[#Headers], 0) ), "" ) | AF44: =_xlfn.XLOOKUP(F6Results_2026[[#This Row],[Full_Name]],tblF22021[FULL_NAME],tblF22021[POINTS],"",0,1) -> 7 | AG44: =_xlfn.XLOOKUP(F6Results_2026[[#This Row],[Full_Name]],tblF42023[FULL_NAME],tblF42023[DIVISION],"",0,1) -> I | AH44: =_xlfn.XLOOKUP(F6Results_2026[[#This Row],[Full_Name]],tblF42023[FULL_NAME],tblF42023[TOTAL A''S],"",0,1) -> 6 | AJ44: E | AK44: =AP37*5 -> 780 | AL44: =COUNTIFS(F6Results_2026[Sex],"M",F6Results_2026[Div],"0")*5 -> 0 | AM44: =COUNTIFS(F6Results_2026[Sex],"F",F6Results_2026[Div],"0")*5 -> 0 | AN44: =SUM(AL44:AM44) -> 0
A45: S4459/0648 | B45: 2026 | C45: 20130285624 | D45: JUMA SEIF SUSULU | E45: PCB | F45: Science | G45: M | H45: {=_xlfn.LET( _xlpm.g, F6Results_2026[[#This Row],[Hist]:[Acco]], _xlpm.pts, _xlfn.MAP(_xlpm.g, _xlfn.LAMBDA(_xlpm.x, IFERROR(VLOOKUP(_xlpm.x, AlevelPts, 2, FALSE), ""))), _xlpm.validPts, _xlfn._xlws.FILTER(_xlpm.pts, ISNUMBER(_xlpm.pts)), _xlpm.allBlank, SUM(--(_xlpm.g=""))=COLUMNS(_xlpm.g), IF( _xlpm.allBlank, "ABS", IFERROR(SUM(_xlpm.validPts), "") ) )} -> 15 | I45: =VLOOKUP(H45,$AO$11:$AP$17,2,TRUE) -> III | J45: ST.JUDE | K45: S | L45: C | Q45: D | R45: D | S45: F | Z45: {=SUM(IF(K45:Y45="A",1,0), IF(K45:Y45="B",2,0), IF(K45:Y45="C",3,0), IF(K45:Y45="D",4,0), IF(K45:Y45="E",5,0), IF(K45:Y45="S",6,0), IF(K45:Y45="F",7,0))} -> 24 | AA45: =_xlfn.XLOOKUP(F6Results_2026[[#This Row],[Full_Name]],tblF42023[FULL_NAME],tblF42023[POINTS],"",0,1) -> 12 | AB45: =_xlfn.XLOOKUP(F6Results_2026[[#This Row],[Full_Name]],tblF42023[FULL_NAME],tblF42023[DIVISION],"",0,1) -> I | AC45: =_xlfn.XLOOKUP(F6Results_2026[[#This Row],[Full_Name]],tblF42023[FULL_NAME],tblF42023[POINTS],"",0,1) -> 12 | AD45: =IFERROR( INDEX(tblF42023[[HKL]:[CBA]], MATCH(F6Results_2026[[#This Row],[Full_Name]], tblF42023[FULL_NAME], 0), MATCH(F6Results_2026[[#This Row],[Comb]], tblF42023[[#Headers],[HKL]:[CBA]], 0) ), "" ) -> 6 | AE45: =IFERROR( INDEX(tblF42023[], MATCH(F6Results_2026[[#This Row],[Full_Name]], tblF42023[FULL_NAME], 0), MATCH(F6Results_2026[[#This Row],[Comb]] & "_Q", tblF42023[#Headers], 0) ), "" ) -> Y | AF45: =_xlfn.XLOOKUP(F6Results_2026[[#This Row],[Full_Name]],tblF22021[FULL_NAME],tblF22021[POINTS],"",0,1) -> 7 | AG45: =_xlfn.XLOOKUP(F6Results_2026[[#This Row],[Full_Name]],tblF42023[FULL_NAME],tblF42023[DIVISION],"",0,1) -> I | AH45: =_xlfn.XLOOKUP(F6Results_2026[[#This Row],[Full_Name]],tblF42023[FULL_NAME],tblF42023[TOTAL A''S],"",0,1) -> 2 | AJ45: S | AK45: =AQ37*6 -> 228 | AN45: =SUM(AL45:AM45) -> 0
A46: S4459/0680 | B46: 2026 | C46: 20130285625 | D46: KARIM ALLY YAHI | E46: CBA | F46: Science | G46: M | H46: {=_xlfn.LET( _xlpm.g, F6Results_2026[[#This Row],[Hist]:[Acco]], _xlpm.pts, _xlfn.MAP(_xlpm.g, _xlfn.LAMBDA(_xlpm.x, IFERROR(VLOOKUP(_xlpm.x, AlevelPts, 2, FALSE), ""))), _xlpm.validPts, _xlfn._xlws.FILTER(_xlpm.pts, ISNUMBER(_xlpm.pts)), _xlpm.allBlank, SUM(--(_xlpm.g=""))=COLUMNS(_xlpm.g), IF( _xlpm.allBlank, "ABS", IFERROR(SUM(_xlpm.validPts), "") ) )} -> 14 | I46: =VLOOKUP(H46,$AO$11:$AP$17,2,TRUE) -> III | J46: ST.JUDE | K46: D | L46: S | R46: D | S46: F | T46: C | AA46: =_xlfn.XLOOKUP(F6Results_2026[[#This Row],[Full_Name]],tblF42023[FULL_NAME],tblF42023[POINTS],"",0,1) -> 10 | AB46: =_xlfn.XLOOKUP(F6Results_2026[[#This Row],[Full_Name]],tblF42023[FULL_NAME],tblF42023[DIVISION],"",0,1) -> I | AC46: =_xlfn.XLOOKUP(F6Results_2026[[#This Row],[Full_Name]],tblF42023[FULL_NAME],tblF42023[POINTS],"",0,1) -> 10 | AD46: =IFERROR( INDEX(tblF42023[[HKL]:[CBA]], MATCH(F6Results_2026[[#This Row],[Full_Name]], tblF42023[FULL_NAME], 0), MATCH(F6Results_2026[[#This Row],[Comb]], tblF42023[[#Headers],[HKL]:[CBA]], 0) ), "" ) -> 4 | AE46: =IFERROR( INDEX(tblF42023[], MATCH(F6Results_2026[[#This Row],[Full_Name]], tblF42023[FULL_NAME], 0), MATCH(F6Results_2026[[#This Row],[Comb]] & "_Q", tblF42023[#Headers], 0) ), "" ) -> Y | AF46: =_xlfn.XLOOKUP(F6Results_2026[[#This Row],[Full_Name]],tblF22021[FULL_NAME],tblF22021[POINTS],"",0,1) -> 7 | AG46: =_xlfn.XLOOKUP(F6Results_2026[[#This Row],[Full_Name]],tblF42023[FULL_NAME],tblF42023[DIVISION],"",0,1) -> I | AH46: =_xlfn.XLOOKUP(F6Results_2026[[#This Row],[Full_Name]],tblF42023[FULL_NAME],tblF42023[TOTAL A''S],"",0,1) -> 4 | AJ46: F | AK46: =AR37*7 -> 917 | AN46: =SUM(AL46:AM46) -> 0
A47: S4459/0576 | B47: 2026 | C47: 20130285627 | D47: KENNEDY STEVEN KAWELE | E47: EGM | F47: Business | G47: M | H47: {=_xlfn.LET( _xlpm.g, F6Results_2026[[#This Row],[Hist]:[Acco]], _xlpm.pts, _xlfn.MAP(_xlpm.g, _xlfn.LAMBDA(_xlpm.x, IFERROR(VLOOKUP(_xlpm.x, AlevelPts, 2, FALSE), ""))), _xlpm.validPts, _xlfn._xlws.FILTER(_xlpm.pts, ISNUMBER(_xlpm.pts)), _xlpm.allBlank, SUM(--(_xlpm.g=""))=COLUMNS(_xlpm.g), IF( _xlpm.allBlank, "ABS", IFERROR(SUM(_xlpm.validPts), "") ) )} -> 10 | I47: =VLOOKUP(H47,$AO$11:$AP$17,2,TRUE) -> II | J47: ST.JUDE | K47: S | N47: C | U47: D | W47: C | Z47: {=SUM(IF(K47:Y47="A",1,0), IF(K47:Y47="B",2,0), IF(K47:Y47="C",3,0), IF(K47:Y47="D",4,0), IF(K47:Y47="E",5,0), IF(K47:Y47="S",6,0), IF(K47:Y47="F",7,0))} -> 16 | AA47: =_xlfn.XLOOKUP(F6Results_2026[[#This Row],[Full_Name]],tblF42023[FULL_NAME],tblF42023[POINTS],"",0,1) -> 14 | AB47: =_xlfn.XLOOKUP(F6Results_2026[[#This Row],[Full_Name]],tblF42023[FULL_NAME],tblF42023[DIVISION],"",0,1) -> I | AC47: =_xlfn.XLOOKUP(F6Results_2026[[#This Row],[Full_Name]],tblF42023[FULL_NAME],tblF42023[POINTS],"",0,1) -> 14 | AD47: =IFERROR( INDEX(tblF42023[[HKL]:[CBA]], MATCH(F6Results_2026[[#This Row],[Full_Name]], tblF42023[FULL_NAME], 0), MATCH(F6Results_2026[[#This Row],[Comb]], tblF42023[[#Headers],[HKL]:[CBA]], 0) ), "" ) -> 6 | AE47: =IFERROR( INDEX(tblF42023[], MATCH(F6Results_2026[[#This Row],[Full_Name]], tblF42023[FULL_NAME], 0), MATCH(F6Results_2026[[#This Row],[Comb]] & "_Q", tblF42023[#Headers], 0) ), "" ) -> Y | AF47: =_xlfn.XLOOKUP(F6Results_2026[[#This Row],[Full_Name]],tblF22021[FULL_NAME],tblF22021[POINTS],"",0,1) -> 7 | AG47: =_xlfn.XLOOKUP(F6Results_2026[[#This Row],[Full_Name]],tblF42023[FULL_NAME],tblF42023[DIVISION],"",0,1) -> I | AH47: =_xlfn.XLOOKUP(F6Results_2026[[#This Row],[Full_Name]],tblF42023[FULL_NAME],tblF42023[TOTAL A''S],"",0,1) -> 1 | AJ47: total | AK47: =SUM(AK40:AK46) -> 3314 | AL47: =SUM(AL40:AL46) -> 193 | AM47: =SUM(AM40:AM46) -> 212 | AN47: =SUM(AN40:AN46) -> 405
A48: S4459/0606 | B48: 2026 | C48: 20130285630 | D48: MICHAEL FRANK URIO | E48: PCM | F48: Science | G48: M | H48: {=_xlfn.LET( _xlpm.g, F6Results_2026[[#This Row],[Hist]:[Acco]], _xlpm.pts, _xlfn.MAP(_xlpm.g, _xlfn.LAMBDA(_xlpm.x, IFERROR(VLOOKUP(_xlpm.x, AlevelPts, 2, FALSE), ""))), _xlpm.validPts, _xlfn._xlws.FILTER(_xlpm.pts, ISNUMBER(_xlpm.pts)), _xlpm.allBlank, SUM(--(_xlpm.g=""))=COLUMNS(_xlpm.g), IF( _xlpm.allBlank, "ABS", IFERROR(SUM(_xlpm.validPts), "") ) )} -> 11 | I48: =VLOOKUP(H48,$AO$11:$AP$17,2,TRUE) -> II | J48: ST.JUDE | K48: E | Q48: D | R48: C | U48: D | Z48: {=SUM(IF(K48:Y48="A",1,0), IF(K48:Y48="B",2,0), IF(K48:Y48="C",3,0), IF(K48:Y48="D",4,0), IF(K48:Y48="E",5,0), IF(K48:Y48="S",6,0), IF(K48:Y48="F",7,0))} -> 16 | AA48: =_xlfn.XLOOKUP(F6Results_2026[[#This Row],[Full_Name]],tblF42023[FULL_NAME],tblF42023[POINTS],"",0,1) -> 7 | AB48: =_xlfn.XLOOKUP(F6Results_2026[[#This Row],[Full_Name]],tblF42023[FULL_NAME],tblF42023[DIVISION],"",0,1) -> I | AC48: =_xlfn.XLOOKUP(F6Results_2026[[#This Row],[Full_Name]],tblF42023[FULL_NAME],tblF42023[POINTS],"",0,1) -> 7 | AD48: =IFERROR( INDEX(tblF42023[[HKL]:[CBA]], MATCH(F6Results_2026[[#This Row],[Full_Name]], tblF42023[FULL_NAME], 0), MATCH(F6Results_2026[[#This Row],[Comb]], tblF42023[[#Headers],[HKL]:[CBA]], 0) ), "" ) -> 4 | AE48: =IFERROR( INDEX(tblF42023[], MATCH(F6Results_2026[[#This Row],[Full_Name]], tblF42023[FULL_NAME], 0), MATCH(F6Results_2026[[#This Row],[Comb]] & "_Q", tblF42023[#Headers], 0) ), "" ) -> Y | AF48: =_xlfn.XLOOKUP(F6Results_2026[[#This Row],[Full_Name]],tblF22021[FULL_NAME],tblF22021[POINTS],"",0,1) -> 7 | AG48: =_xlfn.XLOOKUP(F6Results_2026[[#This Row],[Full_Name]],tblF42023[FULL_NAME],tblF42023[DIVISION],"",0,1) -> I | AH48: =_xlfn.XLOOKUP(F6Results_2026[[#This Row],[Full_Name]],tblF42023[FULL_NAME],tblF42023[TOTAL A''S],"",0,1) -> 8 | AK48: =AK47/AS37 -> 4.3835979 | AL48: =AL47/L4 -> 2.2183908 | AM48: =AM47/L5 -> 2.0784314 | AN48: =AN47/L6 -> 2.1428571
A49: S4459/0578 | B49: 2026 | C49: 20130285633 | D49: RAMADHAN YUSUPH MPINGA | E49: EGM | F49: Business | G49: M | H49: {=_xlfn.LET( _xlpm.g, F6Results_2026[[#This Row],[Hist]:[Acco]], _xlpm.pts, _xlfn.MAP(_xlpm.g, _xlfn.LAMBDA(_xlpm.x, IFERROR(VLOOKUP(_xlpm.x, AlevelPts, 2, FALSE), ""))), _xlpm.validPts, _xlfn._xlws.FILTER(_xlpm.pts, ISNUMBER(_xlpm.pts)), _xlpm.allBlank, SUM(--(_xlpm.g=""))=COLUMNS(_xlpm.g), IF( _xlpm.allBlank, "ABS", IFERROR(SUM(_xlpm.validPts), "") ) )} -> 15 | I49: =VLOOKUP(H49,$AO$11:$AP$17,2,TRUE) -> III | J49: ST.JUDE | K49: E | N49: C | U49: E | W49: F | Z49: {=SUM(IF(K49:Y49="A",1,0), IF(K49:Y49="B",2,0), IF(K49:Y49="C",3,0), IF(K49:Y49="D",4,0), IF(K49:Y49="E",5,0), IF(K49:Y49="S",6,0), IF(K49:Y49="F",7,0))} -> 20 | AA49: =_xlfn.XLOOKUP(F6Results_2026[[#This Row],[Full_Name]],tblF42023[FULL_NAME],tblF42023[POINTS],"",0,1) -> 9 | AB49: =_xlfn.XLOOKUP(F6Results_2026[[#This Row],[Full_Name]],tblF42023[FULL_NAME],tblF42023[DIVISION],"",0,1) -> I | AC49: =_xlfn.XLOOKUP(F6Results_2026[[#This Row],[Full_Name]],tblF42023[FULL_NAME],tblF42023[POINTS],"",0,1) -> 9 | AD49: =IFERROR( INDEX(tblF42023[[HKL]:[CBA]], MATCH(F6Results_2026[[#This Row],[Full_Name]], tblF42023[FULL_NAME], 0), MATCH(F6Results_2026[[#This Row],[Comb]], tblF42023[[#Headers],[HKL]:[CBA]], 0) ), "" ) -> 3 | AE49: =IFERROR( INDEX(tblF42023[], MATCH(F6Results_2026[[#This Row],[Full_Name]], tblF42023[FULL_NAME], 0), MATCH(F6Results_2026[[#This Row],[Comb]] & "_Q", tblF42023[#Headers], 0) ), "" ) -> Y | AF49: =_xlfn.XLOOKUP(F6Results_2026[[#This Row],[Full_Name]],tblF22021[FULL_NAME],tblF22021[POINTS],"",0,1) -> 7 | AG49: =_xlfn.XLOOKUP(F6Results_2026[[#This Row],[Full_Name]],tblF42023[FULL_NAME],tblF42023[DIVISION],"",0,1) -> I | AH49: =_xlfn.XLOOKUP(F6Results_2026[[#This Row],[Full_Name]],tblF42023[FULL_NAME],tblF42023[TOTAL A''S],"",0,1) -> 5 | AK49: =AVERAGE(AN48,AK48) -> 3.2632275
A50: S4459/0666 | B50: 2026 | C50: 20130285636 | D50: RASHIDI NURDIN DHAHABU | E50: ECA | F50: Business | G50: M | H50: {=_xlfn.LET( _xlpm.g, F6Results_2026[[#This Row],[Hist]:[Acco]], _xlpm.pts, _xlfn.MAP(_xlpm.g, _xlfn.LAMBDA(_xlpm.x, IFERROR(VLOOKUP(_xlpm.x, AlevelPts, 2, FALSE), ""))), _xlpm.validPts, _xlfn._xlws.FILTER(_xlpm.pts, ISNUMBER(_xlpm.pts)), _xlpm.allBlank, SUM(--(_xlpm.g=""))=COLUMNS(_xlpm.g), IF( _xlpm.allBlank, "ABS", IFERROR(SUM(_xlpm.validPts), "") ) )} -> 17 | I50: =VLOOKUP(H50,$AO$11:$AP$17,2,TRUE) -> III | J50: ST.JUDE | K50: E | L50: E | W50: F | X50: F | Y50: C | Z50: {=SUM(IF(K50:Y50="A",1,0), IF(K50:Y50="B",2,0), IF(K50:Y50="C",3,0), IF(K50:Y50="D",4,0), IF(K50:Y50="E",5,0), IF(K50:Y50="S",6,0), IF(K50:Y50="F",7,0))} -> 27 | AA50: =_xlfn.XLOOKUP(F6Results_2026[[#This Row],[Full_Name]],tblF42023[FULL_NAME],tblF42023[POINTS],"",0,1) -> 9 | AB50: =_xlfn.XLOOKUP(F6Results_2026[[#This Row],[Full_Name]],tblF42023[FULL_NAME],tblF42023[DIVISION],"",0,1) -> I | AC50: =_xlfn.XLOOKUP(F6Results_2026[[#This Row],[Full_Name]],tblF42023[FULL_NAME],tblF42023[POINTS],"",0,1) -> 9 | AD50: =IFERROR( INDEX(tblF42023[[HKL]:[CBA]], MATCH(F6Results_2026[[#This Row],[Full_Name]], tblF42023[FULL_NAME], 0), MATCH(F6Results_2026[[#This Row],[Comb]], tblF42023[[#Headers],[HKL]:[CBA]], 0) ), "" ) | AE50: =IFERROR( INDEX(tblF42023[], MATCH(F6Results_2026[[#This Row],[Full_Name]], tblF42023[FULL_NAME], 0), MATCH(F6Results_2026[[#This Row],[Comb]] & "_Q", tblF42023[#Headers], 0) ), "" ) | AF50: =_xlfn.XLOOKUP(F6Results_2026[[#This Row],[Full_Name]],tblF22021[FULL_NAME],tblF22021[POINTS],"",0,1) -> 7 | AG50: =_xlfn.XLOOKUP(F6Results_2026[[#This Row],[Full_Name]],tblF42023[FULL_NAME],tblF42023[DIVISION],"",0,1) -> I | AH50: =_xlfn.XLOOKUP(F6Results_2026[[#This Row],[Full_Name]],tblF42023[FULL_NAME],tblF42023[TOTAL A''S],"",0,1) -> 5
A51: S4459/0524 | B51: 2026 | C51: 20130285637 | D51: ROBERT ALBART LAWALAWA | E51: HGL | F51: Arts | G51: M | H51: {=_xlfn.LET( _xlpm.g, F6Results_2026[[#This Row],[Hist]:[Acco]], _xlpm.pts, _xlfn.MAP(_xlpm.g, _xlfn.LAMBDA(_xlpm.x, IFERROR(VLOOKUP(_xlpm.x, AlevelPts, 2, FALSE), ""))), _xlpm.validPts, _xlfn._xlws.FILTER(_xlpm.pts, ISNUMBER(_xlpm.pts)), _xlpm.allBlank, SUM(--(_xlpm.g=""))=COLUMNS(_xlpm.g), IF( _xlpm.allBlank, "ABS", IFERROR(SUM(_xlpm.validPts), "") ) )} -> 12 | I51: =VLOOKUP(H51,$AO$11:$AP$17,2,TRUE) -> II | J51: ST.JUDE | K51: F | M51: D | N51: D | P51: D | Z51: {=SUM(IF(K51:Y51="A",1,0), IF(K51:Y51="B",2,0), IF(K51:Y51="C",3,0), IF(K51:Y51="D",4,0), IF(K51:Y51="E",5,0), IF(K51:Y51="S",6,0), IF(K51:Y51="F",7,0))} -> 19 | AA51: =_xlfn.XLOOKUP(F6Results_2026[[#This Row],[Full_Name]],tblF42023[FULL_NAME],tblF42023[POINTS],"",0,1) -> 15 | AB51: =_xlfn.XLOOKUP(F6Results_2026[[#This Row],[Full_Name]],tblF42023[FULL_NAME],tblF42023[DIVISION],"",0,1) -> I | AC51: =_xlfn.XLOOKUP(F6Results_2026[[#This Row],[Full_Name]],tblF42023[FULL_NAME],tblF42023[POINTS],"",0,1) -> 15 | AD51: =IFERROR( INDEX(tblF42023[[HKL]:[CBA]], MATCH(F6Results_2026[[#This Row],[Full_Name]], tblF42023[FULL_NAME], 0), MATCH(F6Results_2026[[#This Row],[Comb]], tblF42023[[#Headers],[HKL]:[CBA]], 0) ), "" ) -> 6 | AE51: =IFERROR( INDEX(tblF42023[], MATCH(F6Results_2026[[#This Row],[Full_Name]], tblF42023[FULL_NAME], 0), MATCH(F6Results_2026[[#This Row],[Comb]] & "_Q", tblF42023[#Headers], 0) ), "" ) -> Y | AF51: =_xlfn.XLOOKUP(F6Results_2026[[#This Row],[Full_Name]],tblF22021[FULL_NAME],tblF22021[POINTS],"",0,1) -> 11 | AG51: =_xlfn.XLOOKUP(F6Results_2026[[#This Row],[Full_Name]],tblF42023[FULL_NAME],tblF42023[DIVISION],"",0,1) -> I | AH51: =_xlfn.XLOOKUP(F6Results_2026[[#This Row],[Full_Name]],tblF42023[FULL_NAME],tblF42023[TOTAL A''S],"",0,1) -> 2
A52: S4459/0525 | B52: 2026 | C52: 20130285639 | D52: SAMWEL JEREMIA OWISO | E52: HGL | F52: Arts | G52: M | H52: {=_xlfn.LET( _xlpm.g, F6Results_2026[[#This Row],[Hist]:[Acco]], _xlpm.pts, _xlfn.MAP(_xlpm.g, _xlfn.LAMBDA(_xlpm.x, IFERROR(VLOOKUP(_xlpm.x, AlevelPts, 2, FALSE), ""))), _xlpm.validPts, _xlfn._xlws.FILTER(_xlpm.pts, ISNUMBER(_xlpm.pts)), _xlpm.allBlank, SUM(--(_xlpm.g=""))=COLUMNS(_xlpm.g), IF( _xlpm.allBlank, "ABS", IFERROR(SUM(_xlpm.validPts), "") ) )} -> 13 | I52: =VLOOKUP(H52,$AO$11:$AP$17,2,TRUE) -> III | J52: ST.JUDE | K52: F | M52: D | N52: E | P52: D | Z52: {=SUM(IF(K52:Y52="A",1,0), IF(K52:Y52="B",2,0), IF(K52:Y52="C",3,0), IF(K52:Y52="D",4,0), IF(K52:Y52="E",5,0), IF(K52:Y52="S",6,0), IF(K52:Y52="F",7,0))} -> 20 | AA52: =_xlfn.XLOOKUP(F6Results_2026[[#This Row],[Full_Name]],tblF42023[FULL_NAME],tblF42023[POINTS],"",0,1) -> 15 | AB52: =_xlfn.XLOOKUP(F6Results_2026[[#This Row],[Full_Name]],tblF42023[FULL_NAME],tblF42023[DIVISION],"",0,1) -> I | AC52: =_xlfn.XLOOKUP(F6Results_2026[[#This Row],[Full_Name]],tblF42023[FULL_NAME],tblF42023[POINTS],"",0,1) -> 15 | AD52: =IFERROR( INDEX(tblF42023[[HKL]:[CBA]], MATCH(F6Results_2026[[#This Row],[Full_Name]], tblF42023[FULL_NAME], 0), MATCH(F6Results_2026[[#This Row],[Comb]], tblF42023[[#Headers],[HKL]:[CBA]], 0) ), "" ) -> 6 | AE52: =IFERROR( INDEX(tblF42023[], MATCH(F6Results_2026[[#This Row],[Full_Name]], tblF42023[FULL_NAME], 0), MATCH(F6Results_2026[[#This Row],[Comb]] & "_Q", tblF42023[#Headers], 0) ), "" ) -> Y | AF52: =_xlfn.XLOOKUP(F6Results_2026[[#This Row],[Full_Name]],tblF22021[FULL_NAME],tblF22021[POINTS],"",0,1) -> 10 | AG52: =_xlfn.XLOOKUP(F6Results_2026[[#This Row],[Full_Name]],tblF42023[FULL_NAME],tblF42023[DIVISION],"",0,1) -> I | AH52: =_xlfn.XLOOKUP(F6Results_2026[[#This Row],[Full_Name]],tblF42023[FULL_NAME],tblF42023[TOTAL A''S],"",0,1) -> 0
A53: S4459/0667 | B53: 2026 | C53: 20130285640 | D53: SAMWEL ZAKAYO MPINGA | E53: ECA | F53: Business | G53: M | H53: {=_xlfn.LET( _xlpm.g, F6Results_2026[[#This Row],[Hist]:[Acco]], _xlpm.pts, _xlfn.MAP(_xlpm.g, _xlfn.LAMBDA(_xlpm.x, IFERROR(VLOOKUP(_xlpm.x, AlevelPts, 2, FALSE), ""))), _xlpm.validPts, _xlfn._xlws.FILTER(_xlpm.pts, ISNUMBER(_xlpm.pts)), _xlpm.allBlank, SUM(--(_xlpm.g=""))=COLUMNS(_xlpm.g), IF( _xlpm.allBlank, "ABS", IFERROR(SUM(_xlpm.validPts), "") ) )} -> 15 | I53: =VLOOKUP(H53,$AO$11:$AP$17,2,TRUE) -> III | J53: ST.JUDE | K53: E | L53: S | W53: C | X53: F | Y53: E | Z53: {=SUM(IF(K53:Y53="A",1,0), IF(K53:Y53="B",2,0), IF(K53:Y53="C",3,0), IF(K53:Y53="D",4,0), IF(K53:Y53="E",5,0), IF(K53:Y53="S",6,0), IF(K53:Y53="F",7,0))} -> 26 | AA53: =_xlfn.XLOOKUP(F6Results_2026[[#This Row],[Full_Name]],tblF42023[FULL_NAME],tblF42023[POINTS],"",0,1) -> 15 | AB53: =_xlfn.XLOOKUP(F6Results_2026[[#This Row],[Full_Name]],tblF42023[FULL_NAME],tblF42023[DIVISION],"",0,1) -> I | AC53: =_xlfn.XLOOKUP(F6Results_2026[[#This Row],[Full_Name]],tblF42023[FULL_NAME],tblF42023[POINTS],"",0,1) -> 15 | AD53: =IFERROR( INDEX(tblF42023[[HKL]:[CBA]], MATCH(F6Results_2026[[#This Row],[Full_Name]], tblF42023[FULL_NAME], 0), MATCH(F6Results_2026[[#This Row],[Comb]], tblF42023[[#Headers],[HKL]:[CBA]], 0) ), "" ) | AE53: =IFERROR( INDEX(tblF42023[], MATCH(F6Results_2026[[#This Row],[Full_Name]], tblF42023[FULL_NAME], 0), MATCH(F6Results_2026[[#This Row],[Comb]] & "_Q", tblF42023[#Headers], 0) ), "" ) | AF53: =_xlfn.XLOOKUP(F6Results_2026[[#This Row],[Full_Name]],tblF22021[FULL_NAME],tblF22021[POINTS],"",0,1) -> 10 | AG53: =_xlfn.XLOOKUP(F6Results_2026[[#This Row],[Full_Name]],tblF42023[FULL_NAME],tblF42023[DIVISION],"",0,1) -> I | AH53: =_xlfn.XLOOKUP(F6Results_2026[[#This Row],[Full_Name]],tblF42023[FULL_NAME],tblF42023[TOTAL A''S],"",0,1) -> 2
A54: S4459/0580 | B54: 2026 | C54: 20130285642 | D54: YASIR SHAFI MUNISI | E54: EGM | F54: Business | G54: M | H54: {=_xlfn.LET( _xlpm.g, F6Results_2026[[#This Row],[Hist]:[Acco]], _xlpm.pts, _xlfn.MAP(_xlpm.g, _xlfn.LAMBDA(_xlpm.x, IFERROR(VLOOKUP(_xlpm.x, AlevelPts, 2, FALSE), ""))), _xlpm.validPts, _xlfn._xlws.FILTER(_xlpm.pts, ISNUMBER(_xlpm.pts)), _xlpm.allBlank, SUM(--(_xlpm.g=""))=COLUMNS(_xlpm.g), IF( _xlpm.allBlank, "ABS", IFERROR(SUM(_xlpm.validPts), "") ) )} -> 11 | I54: =VLOOKUP(H54,$AO$11:$AP$17,2,TRUE) -> II | J54: ST.JUDE | K54: E | N54: B | U54: E | W54: D | Z54: {=SUM(IF(K54:Y54="A",1,0), IF(K54:Y54="B",2,0), IF(K54:Y54="C",3,0), IF(K54:Y54="D",4,0), IF(K54:Y54="E",5,0), IF(K54:Y54="S",6,0), IF(K54:Y54="F",7,0))} -> 16 | AA54: =_xlfn.XLOOKUP(F6Results_2026[[#This Row],[Full_Name]],tblF42023[FULL_NAME],tblF42023[POINTS],"",0,1) -> 9 | AB54: =_xlfn.XLOOKUP(F6Results_2026[[#This Row],[Full_Name]],tblF42023[FULL_NAME],tblF42023[DIVISION],"",0,1) -> I | AC54: =_xlfn.XLOOKUP(F6Results_2026[[#This Row],[Full_Name]],tblF42023[FULL_NAME],tblF42023[POINTS],"",0,1) -> 9 | AD54: =IFERROR( INDEX(tblF42023[[HKL]:[CBA]], MATCH(F6Results_2026[[#This Row],[Full_Name]], tblF42023[FULL_NAME], 0), MATCH(F6Results_2026[[#This Row],[Comb]], tblF42023[[#Headers],[HKL]:[CBA]], 0) ), "" ) -> 5 | AE54: =IFERROR( INDEX(tblF42023[], MATCH(F6Results_2026[[#This Row],[Full_Name]], tblF42023[FULL_NAME], 0), MATCH(F6Results_2026[[#This Row],[Comb]] & "_Q", tblF42023[#Headers], 0) ), "" ) -> Y | AF54: =_xlfn.XLOOKUP(F6Results_2026[[#This Row],[Full_Name]],tblF22021[FULL_NAME],tblF22021[POINTS],"",0,1) -> 7 | AG54: =_xlfn.XLOOKUP(F6Results_2026[[#This Row],[Full_Name]],tblF42023[FULL_NAME],tblF42023[DIVISION],"",0,1) -> I | AH54: =_xlfn.XLOOKUP(F6Results_2026[[#This Row],[Full_Name]],tblF42023[FULL_NAME],tblF42023[TOTAL A''S],"",0,1) -> 5
A55: S4459/0608 | B55: 2026 | C55: 20130285643 | D55: YASSIN YUSUPH RASHIDY | E55: PCM | F55: Science | G55: M | H55: {=_xlfn.LET( _xlpm.g, F6Results_2026[[#This Row],[Hist]:[Acco]], _xlpm.pts, _xlfn.MAP(_xlpm.g, _xlfn.LAMBDA(_xlpm.x, IFERROR(VLOOKUP(_xlpm.x, AlevelPts, 2, FALSE), ""))), _xlpm.validPts, _xlfn._xlws.FILTER(_xlpm.pts, ISNUMBER(_xlpm.pts)), _xlpm.allBlank, SUM(--(_xlpm.g=""))=COLUMNS(_xlpm.g), IF( _xlpm.allBlank, "ABS", IFERROR(SUM(_xlpm.validPts), "") ) )} -> 15 | I55: =VLOOKUP(H55,$AO$11:$AP$17,2,TRUE) -> III | J55: ST.JUDE | K55: E | Q55: S | R55: D | U55: E | Z55: {=SUM(IF(K55:Y55="A",1,0), IF(K55:Y55="B",2,0), IF(K55:Y55="C",3,0), IF(K55:Y55="D",4,0), IF(K55:Y55="E",5,0), IF(K55:Y55="S",6,0), IF(K55:Y55="F",7,0))} -> 20 | AA55: =_xlfn.XLOOKUP(F6Results_2026[[#This Row],[Full_Name]],tblF42023[FULL_NAME],tblF42023[POINTS],"",0,1) -> 9 | AB55: =_xlfn.XLOOKUP(F6Results_2026[[#This Row],[Full_Name]],tblF42023[FULL_NAME],tblF42023[DIVISION],"",0,1) -> I | AC55: =_xlfn.XLOOKUP(F6Results_2026[[#This Row],[Full_Name]],tblF42023[FULL_NAME],tblF42023[POINTS],"",0,1) -> 9 | AD55: =IFERROR( INDEX(tblF42023[[HKL]:[CBA]], MATCH(F6Results_2026[[#This Row],[Full_Name]], tblF42023[FULL_NAME], 0), MATCH(F6Results_2026[[#This Row],[Comb]], tblF42023[[#Headers],[HKL]:[CBA]], 0) ), "" ) -> 5 | AE55: =IFERROR( INDEX(tblF42023[], MATCH(F6Results_2026[[#This Row],[Full_Name]], tblF42023[FULL_NAME], 0), MATCH(F6Results_2026[[#This Row],[Comb]] & "_Q", tblF42023[#Headers], 0) ), "" ) -> Y | AF55: =_xlfn.XLOOKUP(F6Results_2026[[#This Row],[Full_Name]],tblF22021[FULL_NAME],tblF22021[POINTS],"",0,1) -> 7 | AG55: =_xlfn.XLOOKUP(F6Results_2026[[#This Row],[Full_Name]],tblF42023[FULL_NAME],tblF42023[DIVISION],"",0,1) -> I | AH55: =_xlfn.XLOOKUP(F6Results_2026[[#This Row],[Full_Name]],tblF42023[FULL_NAME],tblF42023[TOTAL A''S],"",0,1) -> 5
A56: S4459/0581 | B56: 2026 | C56: 20130285644 | D56: ADOLFINA GABRIEL SHIRIMA | E56: PCM | F56: Science | G56: F | H56: {=_xlfn.LET( _xlpm.g, F6Results_2026[[#This Row],[Hist]:[Acco]], _xlpm.pts, _xlfn.MAP(_xlpm.g, _xlfn.LAMBDA(_xlpm.x, IFERROR(VLOOKUP(_xlpm.x, AlevelPts, 2, FALSE), ""))), _xlpm.validPts, _xlfn._xlws.FILTER(_xlpm.pts, ISNUMBER(_xlpm.pts)), _xlpm.allBlank, SUM(--(_xlpm.g=""))=COLUMNS(_xlpm.g), IF( _xlpm.allBlank, "ABS", IFERROR(SUM(_xlpm.validPts), "") ) )} -> 17 | I56: =VLOOKUP(H56,$AO$11:$AP$17,2,TRUE) -> III | J56: ST.JUDE | K56: E | Q56: F | R56: D | U56: S | Z56: {=SUM(IF(K56:Y56="A",1,0), IF(K56:Y56="B",2,0), IF(K56:Y56="C",3,0), IF(K56:Y56="D",4,0), IF(K56:Y56="E",5,0), IF(K56:Y56="S",6,0), IF(K56:Y56="F",7,0))} -> 22 | AA56: =_xlfn.XLOOKUP(F6Results_2026[[#This Row],[Full_Name]],tblF42023[FULL_NAME],tblF42023[POINTS],"",0,1) -> 11 | AB56: =_xlfn.XLOOKUP(F6Results_2026[[#This Row],[Full_Name]],tblF42023[FULL_NAME],tblF42023[DIVISION],"",0,1) -> I | AC56: =_xlfn.XLOOKUP(F6Results_2026[[#This Row],[Full_Name]],tblF42023[FULL_NAME],tblF42023[POINTS],"",0,1) -> 11 | AD56: =IFERROR( INDEX(tblF42023[[HKL]:[CBA]], MATCH(F6Results_2026[[#This Row],[Full_Name]], tblF42023[FULL_NAME], 0), MATCH(F6Results_2026[[#This Row],[Comb]], tblF42023[[#Headers],[HKL]:[CBA]], 0) ), "" ) -> 7 | AE56: =IFERROR( INDEX(tblF42023[], MATCH(F6Results_2026[[#This Row],[Full_Name]], tblF42023[FULL_NAME], 0), MATCH(F6Results_2026[[#This Row],[Comb]] & "_Q", tblF42023[#Headers], 0) ), "" ) -> Y | AF56: =_xlfn.XLOOKUP(F6Results_2026[[#This Row],[Full_Name]],tblF22021[FULL_NAME],tblF22021[POINTS],"",0,1) -> 7 | AG56: =_xlfn.XLOOKUP(F6Results_2026[[#This Row],[Full_Name]],tblF42023[FULL_NAME],tblF42023[DIVISION],"",0,1) -> I | AH56: =_xlfn.XLOOKUP(F6Results_2026[[#This Row],[Full_Name]],tblF42023[FULL_NAME],tblF42023[TOTAL A''S],"",0,1) -> 3
A57: S4459/0554 | B57: 2026 | C57: 20130285645 | D57: AGATHA FRANCIS MAMSERI | E57: EGM | F57: Business | G57: F | H57: {=_xlfn.LET( _xlpm.g, F6Results_2026[[#This Row],[Hist]:[Acco]], _xlpm.pts, _xlfn.MAP(_xlpm.g, _xlfn.LAMBDA(_xlpm.x, IFERROR(VLOOKUP(_xlpm.x, AlevelPts, 2, FALSE), ""))), _xlpm.validPts, _xlfn._xlws.FILTER(_xlpm.pts, ISNUMBER(_xlpm.pts)), _xlpm.allBlank, SUM(--(_xlpm.g=""))=COLUMNS(_xlpm.g), IF( _xlpm.allBlank, "ABS", IFERROR(SUM(_xlpm.validPts), "") ) )} -> 13 | I57: =VLOOKUP(H57,$AO$11:$AP$17,2,TRUE) -> III | J57: ST.JUDE | K57: D | N57: A | U57: E | W57: F | Z57: {=SUM(IF(K57:Y57="A",1,0), IF(K57:Y57="B",2,0), IF(K57:Y57="C",3,0), IF(K57:Y57="D",4,0), IF(K57:Y57="E",5,0), IF(K57:Y57="S",6,0), IF(K57:Y57="F",7,0))} -> 17 | AA57: =_xlfn.XLOOKUP(F6Results_2026[[#This Row],[Full_Name]],tblF42023[FULL_NAME],tblF42023[POINTS],"",0,1) -> 9 | AB57: =_xlfn.XLOOKUP(F6Results_2026[[#This Row],[Full_Name]],tblF42023[FULL_NAME],tblF42023[DIVISION],"",0,1) -> I | AC57: =_xlfn.XLOOKUP(F6Results_2026[[#This Row],[Full_Name]],tblF42023[FULL_NAME],tblF42023[POINTS],"",0,1) -> 9 | AD57: =IFERROR( INDEX(tblF42023[[HKL]:[CBA]], MATCH(F6Results_2026[[#This Row],[Full_Name]], tblF42023[FULL_NAME], 0), MATCH(F6Results_2026[[#This Row],[Comb]], tblF42023[[#Headers],[HKL]:[CBA]], 0) ), "" ) -> 5 | AE57: =IFERROR( INDEX(tblF42023[], MATCH(F6Results_2026[[#This Row],[Full_Name]], tblF42023[FULL_NAME], 0), MATCH(F6Results_2026[[#This Row],[Comb]] & "_Q", tblF42023[#Headers], 0) ), "" ) -> Y | AF57: =_xlfn.XLOOKUP(F6Results_2026[[#This Row],[Full_Name]],tblF22021[FULL_NAME],tblF22021[POINTS],"",0,1) -> 7 | AG57: =_xlfn.XLOOKUP(F6Results_2026[[#This Row],[Full_Name]],tblF42023[FULL_NAME],tblF42023[DIVISION],"",0,1) -> I | AH57: =_xlfn.XLOOKUP(F6Results_2026[[#This Row],[Full_Name]],tblF42023[FULL_NAME],tblF42023[TOTAL A''S],"",0,1) -> 5
A58: S4459/0501 | B58: 2026 | C58: 20130285646 | D58: AGATHA ISACK MMBAGA | E58: HGK | F58: Arts | G58: F | H58: {=_xlfn.LET( _xlpm.g, F6Results_2026[[#This Row],[Hist]:[Acco]], _xlpm.pts, _xlfn.MAP(_xlpm.g, _xlfn.LAMBDA(_xlpm.x, IFERROR(VLOOKUP(_xlpm.x, AlevelPts, 2, FALSE), ""))), _xlpm.validPts, _xlfn._xlws.FILTER(_xlpm.pts, ISNUMBER(_xlpm.pts)), _xlpm.allBlank, SUM(--(_xlpm.g=""))=COLUMNS(_xlpm.g), IF( _xlpm.allBlank, "ABS", IFERROR(SUM(_xlpm.validPts), "") ) )} -> 12 | I58: =VLOOKUP(H58,$AO$11:$AP$17,2,TRUE) -> II | J58: ST.JUDE | K58: F | M58: D | N58: C | P58: E | Z58: {=SUM(IF(K58:Y58="A",1,0), IF(K58:Y58="B",2,0), IF(K58:Y58="C",3,0), IF(K58:Y58="D",4,0), IF(K58:Y58="E",5,0), IF(K58:Y58="S",6,0), IF(K58:Y58="F",7,0))} -> 19 | AA58: =_xlfn.XLOOKUP(F6Results_2026[[#This Row],[Full_Name]],tblF22021[FULL_NAME],tblF22021[POINTS],"",0,1) -> 7 | AB58: =_xlfn.XLOOKUP(F6Results_2026[[#This Row],[Full_Name]],tblF22021[FULL_NAME],tblF22021[DIVISION],"",0,1) -> I | AC58: =_xlfn.XLOOKUP(F6Results_2026[[#This Row],[Full_Name]],tblF22021[FULL_NAME],tblF22021[POINTS],"",0,1) -> 7 | AD58: =IFERROR( INDEX(tblF42023[[HKL]:[CBA]], MATCH(F6Results_2026[[#This Row],[Full_Name]], tblF42023[FULL_NAME], 0), MATCH(F6Results_2026[[#This Row],[Comb]], tblF42023[[#Headers],[HKL]:[CBA]], 0) ), "" ) -> 5 | AE58: =IFERROR( INDEX(tblF42023[], MATCH(F6Results_2026[[#This Row],[Full_Name]], tblF42023[FULL_NAME], 0), MATCH(F6Results_2026[[#This Row],[Comb]] & "_Q", tblF42023[#Headers], 0) ), "" ) -> Y | AF58: =_xlfn.XLOOKUP(F6Results_2026[[#This Row],[Full_Name]],tblF22021[FULL_NAME],tblF22021[POINTS],"",0,1) -> 7 | AG58: =_xlfn.XLOOKUP(F6Results_2026[[#This Row],[Full_Name]],tblF22021[FULL_NAME],tblF22021[DIVISION],"",0,1) -> I | AH58: =_xlfn.XLOOKUP(F6Results_2026[[#This Row],[Full_Name]],tblF42023[FULL_NAME],tblF42023[TOTAL A''S],"",0,1) -> 4
A59: S4459/0555 | B59: 2026 | C59: 20130285648 | D59: AMINA MOHAMMED HAMIS | E59: EGM | F59: Business | G59: F | H59: {=_xlfn.LET( _xlpm.g, F6Results_2026[[#This Row],[Hist]:[Acco]], _xlpm.pts, _xlfn.MAP(_xlpm.g, _xlfn.LAMBDA(_xlpm.x, IFERROR(VLOOKUP(_xlpm.x, AlevelPts, 2, FALSE), ""))), _xlpm.validPts, _xlfn._xlws.FILTER(_xlpm.pts, ISNUMBER(_xlpm.pts)), _xlpm.allBlank, SUM(--(_xlpm.g=""))=COLUMNS(_xlpm.g), IF( _xlpm.allBlank, "ABS", IFERROR(SUM(_xlpm.validPts), "") ) )} -> 11 | I59: =VLOOKUP(H59,$AO$11:$AP$17,2,TRUE) -> II | J59: ST.JUDE | K59: E | N59: C | U59: E | W59: C | Z59: {=SUM(IF(K59:Y59="A",1,0), IF(K59:Y59="B",2,0), IF(K59:Y59="C",3,0), IF(K59:Y59="D",4,0), IF(K59:Y59="E",5,0), IF(K59:Y59="S",6,0), IF(K59:Y59="F",7,0))} -> 16 | AA59: =_xlfn.XLOOKUP(F6Results_2026[[#This Row],[Full_Name]],tblF42023[FULL_NAME],tblF42023[POINTS],"",0,1) -> 9 | AB59: =_xlfn.XLOOKUP(F6Results_2026[[#This Row],[Full_Name]],tblF42023[FULL_NAME],tblF42023[DIVISION],"",0,1) -> I | AC59: =_xlfn.XLOOKUP(F6Results_2026[[#This Row],[Full_Name]],tblF42023[FULL_NAME],tblF42023[POINTS],"",0,1) -> 9 | AD59: =IFERROR( INDEX(tblF42023[[HKL]:[CBA]], MATCH(F6Results_2026[[#This Row],[Full_Name]], tblF42023[FULL_NAME], 0), MATCH(F6Results_2026[[#This Row],[Comb]], tblF42023[[#Headers],[HKL]:[CBA]], 0) ), "" ) -> 5 | AE59: =IFERROR( INDEX(tblF42023[], MATCH(F6Results_2026[[#This Row],[Full_Name]], tblF42023[FULL_NAME], 0), MATCH(F6Results_2026[[#This Row],[Comb]] & "_Q", tblF42023[#Headers], 0) ), "" ) -> Y | AF59: =_xlfn.XLOOKUP(F6Results_2026[[#This Row],[Full_Name]],tblF22021[FULL_NAME],tblF22021[POINTS],"",0,1) -> 7 | AG59: =_xlfn.XLOOKUP(F6Results_2026[[#This Row],[Full_Name]],tblF42023[FULL_NAME],tblF42023[DIVISION],"",0,1) -> I | AH59: =_xlfn.XLOOKUP(F6Results_2026[[#This Row],[Full_Name]],tblF42023[FULL_NAME],tblF42023[TOTAL A''S],"",0,1) -> 5
A60: S4459/0502 | B60: 2026 | C60: 20130285649 | D60: ANGELA ANYITIKE MBUBA | E60: HGL | F60: Arts | G60: F | H60: {=_xlfn.LET( _xlpm.g, F6Results_2026[[#This Row],[Hist]:[Acco]], _xlpm.pts, _xlfn.MAP(_xlpm.g, _xlfn.LAMBDA(_xlpm.x, IFERROR(VLOOKUP(_xlpm.x, AlevelPts, 2, FALSE), ""))), _xlpm.validPts, _xlfn._xlws.FILTER(_xlpm.pts, ISNUMBER(_xlpm.pts)), _xlpm.allBlank, SUM(--(_xlpm.g=""))=COLUMNS(_xlpm.g), IF( _xlpm.allBlank, "ABS", IFERROR(SUM(_xlpm.validPts), "") ) )} -> 11 | I60: =VLOOKUP(H60,$AO$11:$AP$17,2,TRUE) -> II | J60: ST.JUDE | K60: F | M60: D | N60: C | P60: D | Z60: {=SUM(IF(K60:Y60="A",1,0), IF(K60:Y60="B",2,0), IF(K60:Y60="C",3,0), IF(K60:Y60="D",4,0), IF(K60:Y60="E",5,0), IF(K60:Y60="S",6,0), IF(K60:Y60="F",7,0))} -> 18 | AA60: =_xlfn.XLOOKUP(F6Results_2026[[#This Row],[Full_Name]],tblF42023[FULL_NAME],tblF42023[POINTS],"",0,1) -> 7 | AB60: =_xlfn.XLOOKUP(F6Results_2026[[#This Row],[Full_Name]],tblF42023[FULL_NAME],tblF42023[DIVISION],"",0,1) -> I | AC60: =_xlfn.XLOOKUP(F6Results_2026[[#This Row],[Full_Name]],tblF42023[FULL_NAME],tblF42023[POINTS],"",0,1) -> 7 | AD60: =IFERROR( INDEX(tblF42023[[HKL]:[CBA]], MATCH(F6Results_2026[[#This Row],[Full_Name]], tblF42023[FULL_NAME], 0), MATCH(F6Results_2026[[#This Row],[Comb]], tblF42023[[#Headers],[HKL]:[CBA]], 0) ), "" ) -> 4 | AE60: =IFERROR( INDEX(tblF42023[], MATCH(F6Results_2026[[#This Row],[Full_Name]], tblF42023[FULL_NAME], 0), MATCH(F6Results_2026[[#This Row],[Comb]] & "_Q", tblF42023[#Headers], 0) ), "" ) -> Y | AF60: =_xlfn.XLOOKUP(F6Results_2026[[#This Row],[Full_Name]],tblF22021[FULL_NAME],tblF22021[POINTS],"",0,1) -> 12 | AG60: =_xlfn.XLOOKUP(F6Results_2026[[#This Row],[Full_Name]],tblF42023[FULL_NAME],tblF42023[DIVISION],"",0,1) -> I | AH60: =_xlfn.XLOOKUP(F6Results_2026[[#This Row],[Full_Name]],tblF42023[FULL_NAME],tblF42023[TOTAL A''S],"",0,1) -> 7
A61: S4459/0527 | B61: 2026 | C61: 20130285651 | D61: ANGELA FRANK SEMHANDO | E61: HGK | F61: Arts | G61: F | H61: {=_xlfn.LET( _xlpm.g, F6Results_2026[[#This Row],[Hist]:[Acco]], _xlpm.pts, _xlfn.MAP(_xlpm.g, _xlfn.LAMBDA(_xlpm.x, IFERROR(VLOOKUP(_xlpm.x, AlevelPts, 2, FALSE), ""))), _xlpm.validPts, _xlfn._xlws.FILTER(_xlpm.pts, ISNUMBER(_xlpm.pts)), _xlpm.allBlank, SUM(--(_xlpm.g=""))=COLUMNS(_xlpm.g), IF( _xlpm.allBlank, "ABS", IFERROR(SUM(_xlpm.validPts), "") ) )} -> 8 | I61: =VLOOKUP(H61,$AO$11:$AP$17,2,TRUE) -> I | J61: ST.JUDE | K61: E | M61: D | N61: C | O61: A | Z61: {=SUM(IF(K61:Y61="A",1,0), IF(K61:Y61="B",2,0), IF(K61:Y61="C",3,0), IF(K61:Y61="D",4,0), IF(K61:Y61="E",5,0), IF(K61:Y61="S",6,0), IF(K61:Y61="F",7,0))} -> 13 | AA61: =_xlfn.XLOOKUP(F6Results_2026[[#This Row],[Full_Name]],tblF42023[FULL_NAME],tblF42023[POINTS],"",0,1) -> 16 | AB61: =_xlfn.XLOOKUP(F6Results_2026[[#This Row],[Full_Name]],tblF42023[FULL_NAME],tblF42023[DIVISION],"",0,1) -> I | AC61: =_xlfn.XLOOKUP(F6Results_2026[[#This Row],[Full_Name]],tblF42023[FULL_NAME],tblF42023[POINTS],"",0,1) -> 16 | AD61: =IFERROR( INDEX(tblF42023[[HKL]:[CBA]], MATCH(F6Results_2026[[#This Row],[Full_Name]], tblF42023[FULL_NAME], 0), MATCH(F6Results_2026[[#This Row],[Comb]], tblF42023[[#Headers],[HKL]:[CBA]], 0) ), "" ) -> 9 | AE61: =IFERROR( INDEX(tblF42023[], MATCH(F6Results_2026[[#This Row],[Full_Name]], tblF42023[FULL_NAME], 0), MATCH(F6Results_2026[[#This Row],[Comb]] & "_Q", tblF42023[#Headers], 0) ), "" ) -> N | AF61: =_xlfn.XLOOKUP(F6Results_2026[[#This Row],[Full_Name]],tblF22021[FULL_NAME],tblF22021[POINTS],"",0,1) -> 10 | AG61: =_xlfn.XLOOKUP(F6Results_2026[[#This Row],[Full_Name]],tblF42023[FULL_NAME],tblF42023[DIVISION],"",0,1) -> I | AH61: =_xlfn.XLOOKUP(F6Results_2026[[#This Row],[Full_Name]],tblF42023[FULL_NAME],tblF42023[TOTAL A''S],"",0,1) -> 2
A62: S4459/0556 | B62: 2026 | C62: 20130285654 | D62: ANNA PETER HIDA | E62: EGM | F62: Business | G62: F | H62: {=_xlfn.LET( _xlpm.g, F6Results_2026[[#This Row],[Hist]:[Acco]], _xlpm.pts, _xlfn.MAP(_xlpm.g, _xlfn.LAMBDA(_xlpm.x, IFERROR(VLOOKUP(_xlpm.x, AlevelPts, 2, FALSE), ""))), _xlpm.validPts, _xlfn._xlws.FILTER(_xlpm.pts, ISNUMBER(_xlpm.pts)), _xlpm.allBlank, SUM(--(_xlpm.g=""))=COLUMNS(_xlpm.g), IF( _xlpm.allBlank, "ABS", IFERROR(SUM(_xlpm.validPts), "") ) )} -> 11 | I62: =VLOOKUP(H62,$AO$11:$AP$17,2,TRUE) -> II | J62: ST.JUDE | K62: D | N62: B | U62: S | W62: C | Z62: {=SUM(IF(K62:Y62="A",1,0), IF(K62:Y62="B",2,0), IF(K62:Y62="C",3,0), IF(K62:Y62="D",4,0), IF(K62:Y62="E",5,0), IF(K62:Y62="S",6,0), IF(K62:Y62="F",7,0))} -> 15 | AA62: =_xlfn.XLOOKUP(F6Results_2026[[#This Row],[Full_Name]],tblF42023[FULL_NAME],tblF42023[POINTS],"",0,1) -> 11 | AB62: =_xlfn.XLOOKUP(F6Results_2026[[#This Row],[Full_Name]],tblF42023[FULL_NAME],tblF42023[DIVISION],"",0,1) -> I | AC62: =_xlfn.XLOOKUP(F6Results_2026[[#This Row],[Full_Name]],tblF42023[FULL_NAME],tblF42023[POINTS],"",0,1) -> 11 | AD62: =IFERROR( INDEX(tblF42023[[HKL]:[CBA]], MATCH(F6Results_2026[[#This Row],[Full_Name]], tblF42023[FULL_NAME], 0), MATCH(F6Results_2026[[#This Row],[Comb]], tblF42023[[#Headers],[HKL]:[CBA]], 0) ), "" ) -> 6 | AE62: =IFERROR( INDEX(tblF42023[], MATCH(F6Results_2026[[#This Row],[Full_Name]], tblF42023[FULL_NAME], 0), MATCH(F6Results_2026[[#This Row],[Comb]] & "_Q", tblF42023[#Headers], 0) ), "" ) -> Y | AF62: =_xlfn.XLOOKUP(F6Results_2026[[#This Row],[Full_Name]],tblF22021[FULL_NAME],tblF22021[POINTS],"",0,1) -> 7 | AG62: =_xlfn.XLOOKUP(F6Results_2026[[#This Row],[Full_Name]],tblF42023[FULL_NAME],tblF42023[DIVISION],"",0,1) -> I | AH62: =_xlfn.XLOOKUP(F6Results_2026[[#This Row],[Full_Name]],tblF42023[FULL_NAME],tblF42023[TOTAL A''S],"",0,1) -> 3
A63: S4459/0557 | B63: 2026 | C63: 20130285655 | D63: BAHATI TADEUS SHIKONY | E63: EGM | F63: Business | G63: F | H63: {=_xlfn.LET( _xlpm.g, F6Results_2026[[#This Row],[Hist]:[Acco]], _xlpm.pts, _xlfn.MAP(_xlpm.g, _xlfn.LAMBDA(_xlpm.x, IFERROR(VLOOKUP(_xlpm.x, AlevelPts, 2, FALSE), ""))), _xlpm.validPts, _xlfn._xlws.FILTER(_xlpm.pts, ISNUMBER(_xlpm.pts)), _xlpm.allBlank, SUM(--(_xlpm.g=""))=COLUMNS(_xlpm.g), IF( _xlpm.allBlank, "ABS", IFERROR(SUM(_xlpm.validPts), "") ) )} -> 14 | I63: =VLOOKUP(H63,$AO$11:$AP$17,2,TRUE) -> III | J63: ST.JUDE | K63: D | N63: C | U63: S | W63: E | Z63: {=SUM(IF(K63:Y63="A",1,0), IF(K63:Y63="B",2,0), IF(K63:Y63="C",3,0), IF(K63:Y63="D",4,0), IF(K63:Y63="E",5,0), IF(K63:Y63="S",6,0), IF(K63:Y63="F",7,0))} -> 18 | AA63: =_xlfn.XLOOKUP(F6Results_2026[[#This Row],[Full_Name]],tblF42023[FULL_NAME],tblF42023[POINTS],"",0,1) -> 12 | AB63: =_xlfn.XLOOKUP(F6Results_2026[[#This Row],[Full_Name]],tblF42023[FULL_NAME],tblF42023[DIVISION],"",0,1) -> I | AC63: =_xlfn.XLOOKUP(F6Results_2026[[#This Row],[Full_Name]],tblF42023[FULL_NAME],tblF42023[POINTS],"",0,1) -> 12 | AD63: =IFERROR( INDEX(tblF42023[[HKL]:[CBA]], MATCH(F6Results_2026[[#This Row],[Full_Name]], tblF42023[FULL_NAME], 0), MATCH(F6Results_2026[[#This Row],[Comb]], tblF42023[[#Headers],[HKL]:[CBA]], 0) ), "" ) -> 8 | AE63: =IFERROR( INDEX(tblF42023[], MATCH(F6Results_2026[[#This Row],[Full_Name]], tblF42023[FULL_NAME], 0), MATCH(F6Results_2026[[#This Row],[Comb]] & "_Q", tblF42023[#Headers], 0) ), "" ) -> N | AF63: =_xlfn.XLOOKUP(F6Results_2026[[#This Row],[Full_Name]],tblF22021[FULL_NAME],tblF22021[POINTS],"",0,1) -> 9 | AG63: =_xlfn.XLOOKUP(F6Results_2026[[#This Row],[Full_Name]],tblF42023[FULL_NAME],tblF42023[DIVISION],"",0,1) -> I | AH63: =_xlfn.XLOOKUP(F6Results_2026[[#This Row],[Full_Name]],tblF42023[FULL_NAME],tblF42023[TOTAL A''S],"",0,1) -> 2
A64: S4459/0582 | B64: 2026 | C64: 20130285656 | D64: BRENDA JOSEPH KISAKA | E64: PCM | F64: Science | G64: F | H64: {=_xlfn.LET( _xlpm.g, F6Results_2026[[#This Row],[Hist]:[Acco]], _xlpm.pts, _xlfn.MAP(_xlpm.g, _xlfn.LAMBDA(_xlpm.x, IFERROR(VLOOKUP(_xlpm.x, AlevelPts, 2, FALSE), ""))), _xlpm.validPts, _xlfn._xlws.FILTER(_xlpm.pts, ISNUMBER(_xlpm.pts)), _xlpm.allBlank, SUM(--(_xlpm.g=""))=COLUMNS(_xlpm.g), IF( _xlpm.allBlank, "ABS", IFERROR(SUM(_xlpm.validPts), "") ) )} -> 16 | I64: =VLOOKUP(H64,$AO$11:$AP$17,2,TRUE) -> III | J64: ST.JUDE | K64: E | Q64: E | R64: D | U64: F | Z64: {=SUM(IF(K64:Y64="A",1,0), IF(K64:Y64="B",2,0), IF(K64:Y64="C",3,0), IF(K64:Y64="D",4,0), IF(K64:Y64="E",5,0), IF(K64:Y64="S",6,0), IF(K64:Y64="F",7,0))} -> 21 | AA64: =_xlfn.XLOOKUP(F6Results_2026[[#This Row],[Full_Name]],tblF42023[FULL_NAME],tblF42023[POINTS],"",0,1) -> 7 | AB64: =_xlfn.XLOOKUP(F6Results_2026[[#This Row],[Full_Name]],tblF42023[FULL_NAME],tblF42023[DIVISION],"",0,1) -> I | AC64: =_xlfn.XLOOKUP(F6Results_2026[[#This Row],[Full_Name]],tblF42023[FULL_NAME],tblF42023[POINTS],"",0,1) -> 7 | AD64: =IFERROR( INDEX(tblF42023[[HKL]:[CBA]], MATCH(F6Results_2026[[#This Row],[Full_Name]], tblF42023[FULL_NAME], 0), MATCH(F6Results_2026[[#This Row],[Comb]], tblF42023[[#Headers],[HKL]:[CBA]], 0) ), "" ) -> 5 | AE64: =IFERROR( INDEX(tblF42023[], MATCH(F6Results_2026[[#This Row],[Full_Name]], tblF42023[FULL_NAME], 0), MATCH(F6Results_2026[[#This Row],[Comb]] & "_Q", tblF42023[#Headers], 0) ), "" ) -> Y | AF64: =_xlfn.XLOOKUP(F6Results_2026[[#This Row],[Full_Name]],tblF22021[FULL_NAME],tblF22021[POINTS],"",0,1) -> 7 | AG64: =_xlfn.XLOOKUP(F6Results_2026[[#This Row],[Full_Name]],tblF42023[FULL_NAME],tblF42023[DIVISION],"",0,1) -> I | AH64: =_xlfn.XLOOKUP(F6Results_2026[[#This Row],[Full_Name]],tblF42023[FULL_NAME],tblF42023[TOTAL A''S],"",0,1) -> 8
A65: S4459/0558 | B65: 2026 | C65: 20130285659 | D65: CHRISTINA TITO SAMBAI | E65: EGM | F65: Business | G65: F | H65: {=_xlfn.LET( _xlpm.g, F6Results_2026[[#This Row],[Hist]:[Acco]], _xlpm.pts, _xlfn.MAP(_xlpm.g, _xlfn.LAMBDA(_xlpm.x, IFERROR(VLOOKUP(_xlpm.x, AlevelPts, 2, FALSE), ""))), _xlpm.validPts, _xlfn._xlws.FILTER(_xlpm.pts, ISNUMBER(_xlpm.pts)), _xlpm.allBlank, SUM(--(_xlpm.g=""))=COLUMNS(_xlpm.g), IF( _xlpm.allBlank, "ABS", IFERROR(SUM(_xlpm.validPts), "") ) )} -> 13 | I65: =VLOOKUP(H65,$AO$11:$AP$17,2,TRUE) -> III | J65: ST.JUDE | K65: D | N65: B | U65: F | W65: D | Z65: {=SUM(IF(K65:Y65="A",1,0), IF(K65:Y65="B",2,0), IF(K65:Y65="C",3,0), IF(K65:Y65="D",4,0), IF(K65:Y65="E",5,0), IF(K65:Y65="S",6,0), IF(K65:Y65="F",7,0))} -> 17 | AA65: =_xlfn.XLOOKUP(F6Results_2026[[#This Row],[Full_Name]],tblF42023[FULL_NAME],tblF42023[POINTS],"",0,1) -> 11 | AB65: =_xlfn.XLOOKUP(F6Results_2026[[#This Row],[Full_Name]],tblF42023[FULL_NAME],tblF42023[DIVISION],"",0,1) -> I | AC65: =_xlfn.XLOOKUP(F6Results_2026[[#This Row],[Full_Name]],tblF42023[FULL_NAME],tblF42023[POINTS],"",0,1) -> 11 | AD65: =IFERROR( INDEX(tblF42023[[HKL]:[CBA]], MATCH(F6Results_2026[[#This Row],[Full_Name]], tblF42023[FULL_NAME], 0), MATCH(F6Results_2026[[#This Row],[Comb]], tblF42023[[#Headers],[HKL]:[CBA]], 0) ), "" ) -> 6 | AE65: =IFERROR( INDEX(tblF42023[], MATCH(F6Results_2026[[#This Row],[Full_Name]], tblF42023[FULL_NAME], 0), MATCH(F6Results_2026[[#This Row],[Comb]] & "_Q", tblF42023[#Headers], 0) ), "" ) -> Y | AF65: =_xlfn.XLOOKUP(F6Results_2026[[#This Row],[Full_Name]],tblF22021[FULL_NAME],tblF22021[POINTS],"",0,1) -> 7 | AG65: =_xlfn.XLOOKUP(F6Results_2026[[#This Row],[Full_Name]],tblF42023[FULL_NAME],tblF42023[DIVISION],"",0,1) -> I | AH65: =_xlfn.XLOOKUP(F6Results_2026[[#This Row],[Full_Name]],tblF42023[FULL_NAME],tblF42023[TOTAL A''S],"",0,1) -> 3
A66: S4459/0613 | B66: 2026 | C66: 20130285660 | D66: DORCAS SHABANI MSANGI | E66: PCB | F66: Science | G66: F | H66: {=_xlfn.LET( _xlpm.g, F6Results_2026[[#This Row],[Hist]:[Acco]], _xlpm.pts, _xlfn.MAP(_xlpm.g, _xlfn.LAMBDA(_xlpm.x, IFERROR(VLOOKUP(_xlpm.x, AlevelPts, 2, FALSE), ""))), _xlpm.validPts, _xlfn._xlws.FILTER(_xlpm.pts, ISNUMBER(_xlpm.pts)), _xlpm.allBlank, SUM(--(_xlpm.g=""))=COLUMNS(_xlpm.g), IF( _xlpm.allBlank, "ABS", IFERROR(SUM(_xlpm.validPts), "") ) )} -> 13 | I66: =VLOOKUP(H66,$AO$11:$AP$17,2,TRUE) -> III | J66: ST.JUDE | K66: S | L66: S | Q66: E | R66: D | S66: D | Z66: {=SUM(IF(K66:Y66="A",1,0), IF(K66:Y66="B",2,0), IF(K66:Y66="C",3,0), IF(K66:Y66="D",4,0), IF(K66:Y66="E",5,0), IF(K66:Y66="S",6,0), IF(K66:Y66="F",7,0))} -> 25 | AA66: =_xlfn.XLOOKUP(F6Results_2026[[#This Row],[Full_Name]],tblF42023[FULL_NAME],tblF42023[POINTS],"",0,1) -> 7 | AB66: =_xlfn.XLOOKUP(F6Results_2026[[#This Row],[Full_Name]],tblF42023[FULL_NAME],tblF42023[DIVISION],"",0,1) -> I | AC66: =_xlfn.XLOOKUP(F6Results_2026[[#This Row],[Full_Name]],tblF42023[FULL_NAME],tblF42023[POINTS],"",0,1) -> 7 | AD66: =IFERROR( INDEX(tblF42023[[HKL]:[CBA]], MATCH(F6Results_2026[[#This Row],[Full_Name]], tblF42023[FULL_NAME], 0), MATCH(F6Results_2026[[#This Row],[Comb]], tblF42023[[#Headers],[HKL]:[CBA]], 0) ), "" ) -> 5 | AE66: =IFERROR( INDEX(tblF42023[], MATCH(F6Results_2026[[#This Row],[Full_Name]], tblF42023[FULL_NAME], 0), MATCH(F6Results_2026[[#This Row],[Comb]] & "_Q", tblF42023[#Headers], 0) ), "" ) -> Y | AF66: =_xlfn.XLOOKUP(F6Results_2026[[#This Row],[Full_Name]],tblF22021[FULL_NAME],tblF22021[POINTS],"",0,1) -> 7 | AG66: =_xlfn.XLOOKUP(F6Results_2026[[#This Row],[Full_Name]],tblF42023[FULL_NAME],tblF42023[DIVISION],"",0,1) -> I | AH66: =_xlfn.XLOOKUP(F6Results_2026[[#This Row],[Full_Name]],tblF42023[FULL_NAME],tblF42023[TOTAL A''S],"",0,1) -> 7
A67: S4459/0504 | B67: 2026 | C67: 20130285662 | D67: DORIS GEORGE NYENGA | E67: HGL | F67: Arts | G67: F | H67: {=_xlfn.LET( _xlpm.g, F6Results_2026[[#This Row],[Hist]:[Acco]], _xlpm.pts, _xlfn.MAP(_xlpm.g, _xlfn.LAMBDA(_xlpm.x, IFERROR(VLOOKUP(_xlpm.x, AlevelPts, 2, FALSE), ""))), _xlpm.validPts, _xlfn._xlws.FILTER(_xlpm.pts, ISNUMBER(_xlpm.pts)), _xlpm.allBlank, SUM(--(_xlpm.g=""))=COLUMNS(_xlpm.g), IF( _xlpm.allBlank, "ABS", IFERROR(SUM(_xlpm.validPts), "") ) )} -> 9 | I67: =VLOOKUP(H67,$AO$11:$AP$17,2,TRUE) -> I | J67: ST.JUDE | K67: E | M67: C | N67: C | P67: C | Z67: {=SUM(IF(K67:Y67="A",1,0), IF(K67:Y67="B",2,0), IF(K67:Y67="C",3,0), IF(K67:Y67="D",4,0), IF(K67:Y67="E",5,0), IF(K67:Y67="S",6,0), IF(K67:Y67="F",7,0))} -> 14 | AA67: =_xlfn.XLOOKUP(F6Results_2026[[#This Row],[Full_Name]],tblF42023[FULL_NAME],tblF42023[POINTS],"",0,1) -> 14 | AB67: =_xlfn.XLOOKUP(F6Results_2026[[#This Row],[Full_Name]],tblF42023[FULL_NAME],tblF42023[DIVISION],"",0,1) -> I | AC67: =_xlfn.XLOOKUP(F6Results_2026[[#This Row],[Full_Name]],tblF42023[FULL_NAME],tblF42023[POINTS],"",0,1) -> 14 | AD67: =IFERROR( INDEX(tblF42023[[HKL]:[CBA]], MATCH(F6Results_2026[[#This Row],[Full_Name]], tblF42023[FULL_NAME], 0), MATCH(F6Results_2026[[#This Row],[Comb]], tblF42023[[#Headers],[HKL]:[CBA]], 0) ), "" ) -> 7 | AE67: =IFERROR( INDEX(tblF42023[], MATCH(F6Results_2026[[#This Row],[Full_Name]], tblF42023[FULL_NAME], 0), MATCH(F6Results_2026[[#This Row],[Comb]] & "_Q", tblF42023[#Headers], 0) ), "" ) -> N | AF67: =_xlfn.XLOOKUP(F6Results_2026[[#This Row],[Full_Name]],tblF22021[FULL_NAME],tblF22021[POINTS],"",0,1) -> 8 | AG67: =_xlfn.XLOOKUP(F6Results_2026[[#This Row],[Full_Name]],tblF42023[FULL_NAME],tblF42023[DIVISION],"",0,1) -> I | AH67: =_xlfn.XLOOKUP(F6Results_2026[[#This Row],[Full_Name]],tblF42023[FULL_NAME],tblF42023[TOTAL A''S],"",0,1) -> 1
A68: S4459/0559 | B68: 2026 | C68: 20130285663 | D68: ESTHER DAUDI MAZENGO | E68: EGM | F68: Business | G68: F | H68: {=_xlfn.LET( _xlpm.g, F6Results_2026[[#This Row],[Hist]:[Acco]], _xlpm.pts, _xlfn.MAP(_xlpm.g, _xlfn.LAMBDA(_xlpm.x, IFERROR(VLOOKUP(_xlpm.x, AlevelPts, 2, FALSE), ""))), _xlpm.validPts, _xlfn._xlws.FILTER(_xlpm.pts, ISNUMBER(_xlpm.pts)), _xlpm.allBlank, SUM(--(_xlpm.g=""))=COLUMNS(_xlpm.g), IF( _xlpm.allBlank, "ABS", IFERROR(SUM(_xlpm.validPts), "") ) )} -> 13 | I68: =VLOOKUP(H68,$AO$11:$AP$17,2,TRUE) -> III | J68: ST.JUDE | K68: S | N68: B | U68: F | W68: D | Z68: {=SUM(IF(K68:Y68="A",1,0), IF(K68:Y68="B",2,0), IF(K68:Y68="C",3,0), IF(K68:Y68="D",4,0), IF(K68:Y68="E",5,0), IF(K68:Y68="S",6,0), IF(K68:Y68="F",7,0))} -> 19 | AA68: =_xlfn.XLOOKUP(F6Results_2026[[#This Row],[Full_Name]],tblF42023[FULL_NAME],tblF42023[POINTS],"",0,1) -> 12 | AB68: =_xlfn.XLOOKUP(F6Results_2026[[#This Row],[Full_Name]],tblF42023[FULL_NAME],tblF42023[DIVISION],"",0,1) -> I | AC68: =_xlfn.XLOOKUP(F6Results_2026[[#This Row],[Full_Name]],tblF42023[FULL_NAME],tblF42023[POINTS],"",0,1) -> 12 | AD68: =IFERROR( INDEX(tblF42023[[HKL]:[CBA]], MATCH(F6Results_2026[[#This Row],[Full_Name]], tblF42023[FULL_NAME], 0), MATCH(F6Results_2026[[#This Row],[Comb]], tblF42023[[#Headers],[HKL]:[CBA]], 0) ), "" ) -> 7 | AE68: =IFERROR( INDEX(tblF42023[], MATCH(F6Results_2026[[#This Row],[Full_Name]], tblF42023[FULL_NAME], 0), MATCH(F6Results_2026[[#This Row],[Comb]] & "_Q", tblF42023[#Headers], 0) ), "" ) -> N | AF68: =_xlfn.XLOOKUP(F6Results_2026[[#This Row],[Full_Name]],tblF22021[FULL_NAME],tblF22021[POINTS],"",0,1) -> 8 | AG68: =_xlfn.XLOOKUP(F6Results_2026[[#This Row],[Full_Name]],tblF42023[FULL_NAME],tblF42023[DIVISION],"",0,1) -> I | AH68: =_xlfn.XLOOKUP(F6Results_2026[[#This Row],[Full_Name]],tblF42023[FULL_NAME],tblF42023[TOTAL A''S],"",0,1) -> 2
A69: S4459/0505 | B69: 2026 | C69: 20130285668 | D69: FLORENSIA EMMANUEL MOLLEL | E69: HGL | F69: Arts | G69: F | H69: {=_xlfn.LET( _xlpm.g, F6Results_2026[[#This Row],[Hist]:[Acco]], _xlpm.pts, _xlfn.MAP(_xlpm.g, _xlfn.LAMBDA(_xlpm.x, IFERROR(VLOOKUP(_xlpm.x, AlevelPts, 2, FALSE), ""))), _xlpm.validPts, _xlfn._xlws.FILTER(_xlpm.pts, ISNUMBER(_xlpm.pts)), _xlpm.allBlank, SUM(--(_xlpm.g=""))=COLUMNS(_xlpm.g), IF( _xlpm.allBlank, "ABS", IFERROR(SUM(_xlpm.validPts), "") ) )} -> 12 | I69: =VLOOKUP(H69,$AO$11:$AP$17,2,TRUE) -> II | J69: ST.JUDE | K69: E | M69: D | N69: D | P69: D | Z69: {=SUM(IF(K69:Y69="A",1,0), IF(K69:Y69="B",2,0), IF(K69:Y69="C",3,0), IF(K69:Y69="D",4,0), IF(K69:Y69="E",5,0), IF(K69:Y69="S",6,0), IF(K69:Y69="F",7,0))} -> 17 | AA69: =_xlfn.XLOOKUP(F6Results_2026[[#This Row],[Full_Name]],tblF42023[FULL_NAME],tblF42023[POINTS],"",0,1) -> 16 | AB69: =_xlfn.XLOOKUP(F6Results_2026[[#This Row],[Full_Name]],tblF42023[FULL_NAME],tblF42023[DIVISION],"",0,1) -> I | AC69: =_xlfn.XLOOKUP(F6Results_2026[[#This Row],[Full_Name]],tblF42023[FULL_NAME],tblF42023[POINTS],"",0,1) -> 16 | AD69: =IFERROR( INDEX(tblF42023[[HKL]:[CBA]], MATCH(F6Results_2026[[#This Row],[Full_Name]], tblF42023[FULL_NAME], 0), MATCH(F6Results_2026[[#This Row],[Comb]], tblF42023[[#Headers],[HKL]:[CBA]], 0) ), "" ) -> 7 | AE69: =IFERROR( INDEX(tblF42023[], MATCH(F6Results_2026[[#This Row],[Full_Name]], tblF42023[FULL_NAME], 0), MATCH(F6Results_2026[[#This Row],[Comb]] & "_Q", tblF42023[#Headers], 0) ), "" ) -> N | AF69: =_xlfn.XLOOKUP(F6Results_2026[[#This Row],[Full_Name]],tblF22021[FULL_NAME],tblF22021[POINTS],"",0,1) -> 9 | AG69: =_xlfn.XLOOKUP(F6Results_2026[[#This Row],[Full_Name]],tblF42023[FULL_NAME],tblF42023[DIVISION],"",0,1) -> I | AH69: =_xlfn.XLOOKUP(F6Results_2026[[#This Row],[Full_Name]],tblF42023[FULL_NAME],tblF42023[TOTAL A''S],"",0,1) -> 0
A70: S4459/0506 | B70: 2026 | C70: 20130285669 | D70: GENIA HAMISI SANSA | E70: HGL | F70: Arts | G70: F | H70: {=_xlfn.LET( _xlpm.g, F6Results_2026[[#This Row],[Hist]:[Acco]], _xlpm.pts, _xlfn.MAP(_xlpm.g, _xlfn.LAMBDA(_xlpm.x, IFERROR(VLOOKUP(_xlpm.x, AlevelPts, 2, FALSE), ""))), _xlpm.validPts, _xlfn._xlws.FILTER(_xlpm.pts, ISNUMBER(_xlpm.pts)), _xlpm.allBlank, SUM(--(_xlpm.g=""))=COLUMNS(_xlpm.g), IF( _xlpm.allBlank, "ABS", IFERROR(SUM(_xlpm.validPts), "") ) )} -> 10 | I70: =VLOOKUP(H70,$AO$11:$AP$17,2,TRUE) -> II | J70: ST.JUDE | K70: E | M70: C | N70: D | P70: C | Z70: {=SUM(IF(K70:Y70="A",1,0), IF(K70:Y70="B",2,0), IF(K70:Y70="C",3,0), IF(K70:Y70="D",4,0), IF(K70:Y70="E",5,0), IF(K70:Y70="S",6,0), IF(K70:Y70="F",7,0))} -> 15 | AA70: =_xlfn.XLOOKUP(F6Results_2026[[#This Row],[Full_Name]],tblF42023[FULL_NAME],tblF42023[POINTS],"",0,1) -> 10 | AB70: =_xlfn.XLOOKUP(F6Results_2026[[#This Row],[Full_Name]],tblF42023[FULL_NAME],tblF42023[DIVISION],"",0,1) -> I | AC70: =_xlfn.XLOOKUP(F6Results_2026[[#This Row],[Full_Name]],tblF42023[FULL_NAME],tblF42023[POINTS],"",0,1) -> 10 | AD70: =IFERROR( INDEX(tblF42023[[HKL]:[CBA]], MATCH(F6Results_2026[[#This Row],[Full_Name]], tblF42023[FULL_NAME], 0), MATCH(F6Results_2026[[#This Row],[Comb]], tblF42023[[#Headers],[HKL]:[CBA]], 0) ), "" ) -> 5 | AE70: =IFERROR( INDEX(tblF42023[], MATCH(F6Results_2026[[#This Row],[Full_Name]], tblF42023[FULL_NAME], 0), MATCH(F6Results_2026[[#This Row],[Comb]] & "_Q", tblF42023[#Headers], 0) ), "" ) -> Y | AF70: =_xlfn.XLOOKUP(F6Results_2026[[#This Row],[Full_Name]],tblF22021[FULL_NAME],tblF22021[POINTS],"",0,1) -> 7 | AG70: =_xlfn.XLOOKUP(F6Results_2026[[#This Row],[Full_Name]],tblF42023[FULL_NAME],tblF42023[DIVISION],"",0,1) -> I | AH70: =_xlfn.XLOOKUP(F6Results_2026[[#This Row],[Full_Name]],tblF42023[FULL_NAME],tblF42023[TOTAL A''S],"",0,1) -> 4
A71: S4459/0507 | B71: 2026 | C71: 20130285670 | D71: GIFT ZAKARIA KITUNDU | E71: HGL | F71: Arts | G71: F | H71: {=_xlfn.LET( _xlpm.g, F6Results_2026[[#This Row],[Hist]:[Acco]], _xlpm.pts, _xlfn.MAP(_xlpm.g, _xlfn.LAMBDA(_xlpm.x, IFERROR(VLOOKUP(_xlpm.x, AlevelPts, 2, FALSE), ""))), _xlpm.validPts, _xlfn._xlws.FILTER(_xlpm.pts, ISNUMBER(_xlpm.pts)), _xlpm.allBlank, SUM(--(_xlpm.g=""))=COLUMNS(_xlpm.g), IF( _xlpm.allBlank, "ABS", IFERROR(SUM(_xlpm.validPts), "") ) )} -> 11 | I71: =VLOOKUP(H71,$AO$11:$AP$17,2,TRUE) -> II | J71: ST.JUDE | K71: E | M71: D | N71: D | P71: C | Z71: {=SUM(IF(K71:Y71="A",1,0), IF(K71:Y71="B",2,0), IF(K71:Y71="C",3,0), IF(K71:Y71="D",4,0), IF(K71:Y71="E",5,0), IF(K71:Y71="S",6,0), IF(K71:Y71="F",7,0))} -> 16 | AA71: =_xlfn.XLOOKUP(F6Results_2026[[#This Row],[Full_Name]],tblF42023[FULL_NAME],tblF42023[POINTS],"",0,1) -> 15 | AB71: =_xlfn.XLOOKUP(F6Results_2026[[#This Row],[Full_Name]],tblF42023[FULL_NAME],tblF42023[DIVISION],"",0,1) -> I | AC71: =_xlfn.XLOOKUP(F6Results_2026[[#This Row],[Full_Name]],tblF42023[FULL_NAME],tblF42023[POINTS],"",0,1) -> 15 | AD71: =IFERROR( INDEX(tblF42023[[HKL]:[CBA]], MATCH(F6Results_2026[[#This Row],[Full_Name]], tblF42023[FULL_NAME], 0), MATCH(F6Results_2026[[#This Row],[Comb]], tblF42023[[#Headers],[HKL]:[CBA]], 0) ), "" ) -> 7 | AE71: =IFERROR( INDEX(tblF42023[], MATCH(F6Results_2026[[#This Row],[Full_Name]], tblF42023[FULL_NAME], 0), MATCH(F6Results_2026[[#This Row],[Comb]] & "_Q", tblF42023[#Headers], 0) ), "" ) -> N | AF71: =_xlfn.XLOOKUP(F6Results_2026[[#This Row],[Full_Name]],tblF22021[FULL_NAME],tblF22021[POINTS],"",0,1) -> 10 | AG71: =_xlfn.XLOOKUP(F6Results_2026[[#This Row],[Full_Name]],tblF42023[FULL_NAME],tblF42023[DIVISION],"",0,1) -> I | AH71: =_xlfn.XLOOKUP(F6Results_2026[[#This Row],[Full_Name]],tblF42023[FULL_NAME],tblF42023[TOTAL A''S],"",0,1) -> 1
A72: S4459/0560 | B72: 2026 | C72: 20130285671 | D72: GLORIA GIDEON LUKUMAI | E72: EGM | F72: Business | G72: F | H72: {=_xlfn.LET( _xlpm.g, F6Results_2026[[#This Row],[Hist]:[Acco]], _xlpm.pts, _xlfn.MAP(_xlpm.g, _xlfn.LAMBDA(_xlpm.x, IFERROR(VLOOKUP(_xlpm.x, AlevelPts, 2, FALSE), ""))), _xlpm.validPts, _xlfn._xlws.FILTER(_xlpm.pts, ISNUMBER(_xlpm.pts)), _xlpm.allBlank, SUM(--(_xlpm.g=""))=COLUMNS(_xlpm.g), IF( _xlpm.allBlank, "ABS", IFERROR(SUM(_xlpm.validPts), "") ) )} -> 8 | I72: =VLOOKUP(H72,$AO$11:$AP$17,2,TRUE) -> I | J72: ST.JUDE | K72: E | N72: A | U72: D | W72: C | Z72: {=SUM(IF(K72:Y72="A",1,0), IF(K72:Y72="B",2,0), IF(K72:Y72="C",3,0), IF(K72:Y72="D",4,0), IF(K72:Y72="E",5,0), IF(K72:Y72="S",6,0), IF(K72:Y72="F",7,0))} -> 13 | AA72: =_xlfn.XLOOKUP(F6Results_2026[[#This Row],[Full_Name]],tblF42023[FULL_NAME],tblF42023[POINTS],"",0,1) | AB72: =_xlfn.XLOOKUP(F6Results_2026[[#This Row],[Full_Name]],tblF42023[FULL_NAME],tblF42023[DIVISION],"",0,1) | AC72: =_xlfn.XLOOKUP(F6Results_2026[[#This Row],[Full_Name]],tblF42023[FULL_NAME],tblF42023[POINTS],"",0,1) | AD72: =IFERROR( INDEX(tblF42023[[HKL]:[CBA]], MATCH(F6Results_2026[[#This Row],[Full_Name]], tblF42023[FULL_NAME], 0), MATCH(F6Results_2026[[#This Row],[Comb]], tblF42023[[#Headers],[HKL]:[CBA]], 0) ), "" ) | AE72: =IFERROR( INDEX(tblF42023[], MATCH(F6Results_2026[[#This Row],[Full_Name]], tblF42023[FULL_NAME], 0), MATCH(F6Results_2026[[#This Row],[Comb]] & "_Q", tblF42023[#Headers], 0) ), "" ) | AF72: =_xlfn.XLOOKUP(F6Results_2026[[#This Row],[Full_Name]],tblF22021[FULL_NAME],tblF22021[POINTS],"",0,1) -> 7 | AG72: =_xlfn.XLOOKUP(F6Results_2026[[#This Row],[Full_Name]],tblF42023[FULL_NAME],tblF42023[DIVISION],"",0,1) | AH72: =_xlfn.XLOOKUP(F6Results_2026[[#This Row],[Full_Name]],tblF42023[FULL_NAME],tblF42023[TOTAL A''S],"",0,1)
A73: S4459/0561 | B73: 2026 | C73: 20130285672 | D73: GWANTWA ASWILE KIBONA | E73: EGM | F73: Business | G73: F | H73: {=_xlfn.LET( _xlpm.g, F6Results_2026[[#This Row],[Hist]:[Acco]], _xlpm.pts, _xlfn.MAP(_xlpm.g, _xlfn.LAMBDA(_xlpm.x, IFERROR(VLOOKUP(_xlpm.x, AlevelPts, 2, FALSE), ""))), _xlpm.validPts, _xlfn._xlws.FILTER(_xlpm.pts, ISNUMBER(_xlpm.pts)), _xlpm.allBlank, SUM(--(_xlpm.g=""))=COLUMNS(_xlpm.g), IF( _xlpm.allBlank, "ABS", IFERROR(SUM(_xlpm.validPts), "") ) )} -> 11 | I73: =VLOOKUP(H73,$AO$11:$AP$17,2,TRUE) -> II | J73: ST.JUDE | K73: E | N73: C | U73: D | W73: D | Z73: {=SUM(IF(K73:Y73="A",1,0), IF(K73:Y73="B",2,0), IF(K73:Y73="C",3,0), IF(K73:Y73="D",4,0), IF(K73:Y73="E",5,0), IF(K73:Y73="S",6,0), IF(K73:Y73="F",7,0))} -> 16 | AA73: =_xlfn.XLOOKUP(F6Results_2026[[#This Row],[Full_Name]],tblF42023[FULL_NAME],tblF42023[POINTS],"",0,1) -> 7 | AB73: =_xlfn.XLOOKUP(F6Results_2026[[#This Row],[Full_Name]],tblF42023[FULL_NAME],tblF42023[DIVISION],"",0,1) -> I | AC73: =_xlfn.XLOOKUP(F6Results_2026[[#This Row],[Full_Name]],tblF42023[FULL_NAME],tblF42023[POINTS],"",0,1) -> 7 | AD73: =IFERROR( INDEX(tblF42023[[HKL]:[CBA]], MATCH(F6Results_2026[[#This Row],[Full_Name]], tblF42023[FULL_NAME], 0), MATCH(F6Results_2026[[#This Row],[Comb]], tblF42023[[#Headers],[HKL]:[CBA]], 0) ), "" ) -> 5 | AE73: =IFERROR( INDEX(tblF42023[], MATCH(F6Results_2026[[#This Row],[Full_Name]], tblF42023[FULL_NAME], 0), MATCH(F6Results_2026[[#This Row],[Comb]] & "_Q", tblF42023[#Headers], 0) ), "" ) -> Y | AF73: =_xlfn.XLOOKUP(F6Results_2026[[#This Row],[Full_Name]],tblF22021[FULL_NAME],tblF22021[POINTS],"",0,1) -> 7 | AG73: =_xlfn.XLOOKUP(F6Results_2026[[#This Row],[Full_Name]],tblF42023[FULL_NAME],tblF42023[DIVISION],"",0,1) -> I | AH73: =_xlfn.XLOOKUP(F6Results_2026[[#This Row],[Full_Name]],tblF42023[FULL_NAME],tblF42023[TOTAL A''S],"",0,1) -> 7
A74: S4459/0659 | B74: 2026 | C74: 20130285674 | D74: HIDAYA HAMISI KAYANDA | E74: ECA | F74: Business | G74: F | H74: {=_xlfn.LET( _xlpm.g, F6Results_2026[[#This Row],[Hist]:[Acco]], _xlpm.pts, _xlfn.MAP(_xlpm.g, _xlfn.LAMBDA(_xlpm.x, IFERROR(VLOOKUP(_xlpm.x, AlevelPts, 2, FALSE), ""))), _xlpm.validPts, _xlfn._xlws.FILTER(_xlpm.pts, ISNUMBER(_xlpm.pts)), _xlpm.allBlank, SUM(--(_xlpm.g=""))=COLUMNS(_xlpm.g), IF( _xlpm.allBlank, "ABS", IFERROR(SUM(_xlpm.validPts), "") ) )} -> 21 | I74: =VLOOKUP(H74,$AO$11:$AP$17,2,TRUE) -> O | J74: ST.JUDE | K74: E | L74: C | W74: F | X74: F | Y74: F | Z74: {=SUM(IF(K74:Y74="A",1,0), IF(K74:Y74="B",2,0), IF(K74:Y74="C",3,0), IF(K74:Y74="D",4,0), IF(K74:Y74="E",5,0), IF(K74:Y74="S",6,0), IF(K74:Y74="F",7,0))} -> 29 | AA74: =_xlfn.XLOOKUP(F6Results_2026[[#This Row],[Full_Name]],tblF42023[FULL_NAME],tblF42023[POINTS],"",0,1) -> 7 | AB74: =_xlfn.XLOOKUP(F6Results_2026[[#This Row],[Full_Name]],tblF42023[FULL_NAME],tblF42023[DIVISION],"",0,1) -> I | AC74: =_xlfn.XLOOKUP(F6Results_2026[[#This Row],[Full_Name]],tblF42023[FULL_NAME],tblF42023[POINTS],"",0,1) -> 7 | AD74: =IFERROR( INDEX(tblF42023[[HKL]:[CBA]], MATCH(F6Results_2026[[#This Row],[Full_Name]], tblF42023[FULL_NAME], 0), MATCH(F6Results_2026[[#This Row],[Comb]], tblF42023[[#Headers],[HKL]:[CBA]], 0) ), "" ) | AE74: =IFERROR( INDEX(tblF42023[], MATCH(F6Results_2026[[#This Row],[Full_Name]], tblF42023[FULL_NAME], 0), MATCH(F6Results_2026[[#This Row],[Comb]] & "_Q", tblF42023[#Headers], 0) ), "" ) | AF74: =_xlfn.XLOOKUP(F6Results_2026[[#This Row],[Full_Name]],tblF22021[FULL_NAME],tblF22021[POINTS],"",0,1) -> 7 | AG74: =_xlfn.XLOOKUP(F6Results_2026[[#This Row],[Full_Name]],tblF42023[FULL_NAME],tblF42023[DIVISION],"",0,1) -> I | AH74: =_xlfn.XLOOKUP(F6Results_2026[[#This Row],[Full_Name]],tblF42023[FULL_NAME],tblF42023[TOTAL A''S],"",0,1) -> 10
A75: S4459/0508 | B75: 2026 | C75: 20130285676 | D75: IRENE GEORGE OROTHA | E75: HGL | F75: Arts | G75: F | H75: {=_xlfn.LET( _xlpm.g, F6Results_2026[[#This Row],[Hist]:[Acco]], _xlpm.pts, _xlfn.MAP(_xlpm.g, _xlfn.LAMBDA(_xlpm.x, IFERROR(VLOOKUP(_xlpm.x, AlevelPts, 2, FALSE), ""))), _xlpm.validPts, _xlfn._xlws.FILTER(_xlpm.pts, ISNUMBER(_xlpm.pts)), _xlpm.allBlank, SUM(--(_xlpm.g=""))=COLUMNS(_xlpm.g), IF( _xlpm.allBlank, "ABS", IFERROR(SUM(_xlpm.validPts), "") ) )} -> 12 | I75: =VLOOKUP(H75,$AO$11:$AP$17,2,TRUE) -> II | J75: ST.JUDE | K75: F | M75: D | N75: D | P75: D | Z75: {=SUM(IF(K75:Y75="A",1,0), IF(K75:Y75="B",2,0), IF(K75:Y75="C",3,0), IF(K75:Y75="D",4,0), IF(K75:Y75="E",5,0), IF(K75:Y75="S",6,0), IF(K75:Y75="F",7,0))} -> 19 | AA75: =_xlfn.XLOOKUP(F6Results_2026[[#This Row],[Full_Name]],tblF42023[FULL_NAME],tblF42023[POINTS],"",0,1) -> 13 | AB75: =_xlfn.XLOOKUP(F6Results_2026[[#This Row],[Full_Name]],tblF42023[FULL_NAME],tblF42023[DIVISION],"",0,1) -> I | AC75: =_xlfn.XLOOKUP(F6Results_2026[[#This Row],[Full_Name]],tblF42023[FULL_NAME],tblF42023[POINTS],"",0,1) -> 13 | AD75: =IFERROR( INDEX(tblF42023[[HKL]:[CBA]], MATCH(F6Results_2026[[#This Row],[Full_Name]], tblF42023[FULL_NAME], 0), MATCH(F6Results_2026[[#This Row],[Comb]], tblF42023[[#Headers],[HKL]:[CBA]], 0) ), "" ) -> 5 | AE75: =IFERROR( INDEX(tblF42023[], MATCH(F6Results_2026[[#This Row],[Full_Name]], tblF42023[FULL_NAME], 0), MATCH(F6Results_2026[[#This Row],[Comb]] & "_Q", tblF42023[#Headers], 0) ), "" ) -> Y | AF75: =_xlfn.XLOOKUP(F6Results_2026[[#This Row],[Full_Name]],tblF22021[FULL_NAME],tblF22021[POINTS],"",0,1) -> 11 | AG75: =_xlfn.XLOOKUP(F6Results_2026[[#This Row],[Full_Name]],tblF42023[FULL_NAME],tblF42023[DIVISION],"",0,1) -> I | AH75: =_xlfn.XLOOKUP(F6Results_2026[[#This Row],[Full_Name]],tblF42023[FULL_NAME],tblF42023[TOTAL A''S],"",0,1) -> 1
A76: S4459/0684 | B76: 2026 | C76: 20130285680 | D76: JESKA IGNAS KIMARIO | E76: PMCs | F76: Science | G76: F | H76: {=_xlfn.LET( _xlpm.g, F6Results_2026[[#This Row],[Hist]:[Acco]], _xlpm.pts, _xlfn.MAP(_xlpm.g, _xlfn.LAMBDA(_xlpm.x, IFERROR(VLOOKUP(_xlpm.x, AlevelPts, 2, FALSE), ""))), _xlpm.validPts, _xlfn._xlws.FILTER(_xlpm.pts, ISNUMBER(_xlpm.pts)), _xlpm.allBlank, SUM(--(_xlpm.g=""))=COLUMNS(_xlpm.g), IF( _xlpm.allBlank, "ABS", IFERROR(SUM(_xlpm.validPts), "") ) )} -> 11 | I76: =VLOOKUP(H76,$AO$11:$AP$17,2,TRUE) -> II | J76: ST.JUDE | K76: E | Q76: E | U76: C | V76: C | AA76: =_xlfn.XLOOKUP(F6Results_2026[[#This Row],[Full_Name]],tblF42023[FULL_NAME],tblF42023[POINTS],"",0,1) -> 10 | AB76: =_xlfn.XLOOKUP(F6Results_2026[[#This Row],[Full_Name]],tblF42023[FULL_NAME],tblF42023[DIVISION],"",0,1) -> I | AC76: =_xlfn.XLOOKUP(F6Results_2026[[#This Row],[Full_Name]],tblF42023[FULL_NAME],tblF42023[POINTS],"",0,1) -> 10 | AD76: =IFERROR( INDEX(tblF42023[[HKL]:[CBA]], MATCH(F6Results_2026[[#This Row],[Full_Name]], tblF42023[FULL_NAME], 0), MATCH(F6Results_2026[[#This Row],[Comb]], tblF42023[[#Headers],[HKL]:[CBA]], 0) ), "" ) | AE76: =IFERROR( INDEX(tblF42023[], MATCH(F6Results_2026[[#This Row],[Full_Name]], tblF42023[FULL_NAME], 0), MATCH(F6Results_2026[[#This Row],[Comb]] & "_Q", tblF42023[#Headers], 0) ), "" ) | AF76: =_xlfn.XLOOKUP(F6Results_2026[[#This Row],[Full_Name]],tblF22021[FULL_NAME],tblF22021[POINTS],"",0,1) -> 7 | AG76: =_xlfn.XLOOKUP(F6Results_2026[[#This Row],[Full_Name]],tblF42023[FULL_NAME],tblF42023[DIVISION],"",0,1) -> I | AH76: =_xlfn.XLOOKUP(F6Results_2026[[#This Row],[Full_Name]],tblF42023[FULL_NAME],tblF42023[TOTAL A''S],"",0,1) -> 4
A77: S4459/0509 | B77: 2026 | C77: 20130285681 | D77: JOYCE STEPHEN SAKARA | E77: HGL | F77: Arts | G77: F | H77: {=_xlfn.LET( _xlpm.g, F6Results_2026[[#This Row],[Hist]:[Acco]], _xlpm.pts, _xlfn.MAP(_xlpm.g, _xlfn.LAMBDA(_xlpm.x, IFERROR(VLOOKUP(_xlpm.x, AlevelPts, 2, FALSE), ""))), _xlpm.validPts, _xlfn._xlws.FILTER(_xlpm.pts, ISNUMBER(_xlpm.pts)), _xlpm.allBlank, SUM(--(_xlpm.g=""))=COLUMNS(_xlpm.g), IF( _xlpm.allBlank, "ABS", IFERROR(SUM(_xlpm.validPts), "") ) )} -> 10 | I77: =VLOOKUP(H77,$AO$11:$AP$17,2,TRUE) -> II | J77: ST.JUDE | K77: D | M77: C | N77: C | P77: D | Z77: {=SUM(IF(K77:Y77="A",1,0), IF(K77:Y77="B",2,0), IF(K77:Y77="C",3,0), IF(K77:Y77="D",4,0), IF(K77:Y77="E",5,0), IF(K77:Y77="S",6,0), IF(K77:Y77="F",7,0))} -> 14 | AA77: =_xlfn.XLOOKUP(F6Results_2026[[#This Row],[Full_Name]],tblF42023[FULL_NAME],tblF42023[POINTS],"",0,1) -> 13 | AB77: =_xlfn.XLOOKUP(F6Results_2026[[#This Row],[Full_Name]],tblF42023[FULL_NAME],tblF42023[DIVISION],"",0,1) -> I | AC77: =_xlfn.XLOOKUP(F6Results_2026[[#This Row],[Full_Name]],tblF42023[FULL_NAME],tblF42023[POINTS],"",0,1) -> 13 | AD77: =IFERROR( INDEX(tblF42023[[HKL]:[CBA]], MATCH(F6Results_2026[[#This Row],[Full_Name]], tblF42023[FULL_NAME], 0), MATCH(F6Results_2026[[#This Row],[Comb]], tblF42023[[#Headers],[HKL]:[CBA]], 0) ), "" ) -> 5 | AE77: =IFERROR( INDEX(tblF42023[], MATCH(F6Results_2026[[#This Row],[Full_Name]], tblF42023[FULL_NAME], 0), MATCH(F6Results_2026[[#This Row],[Comb]] & "_Q", tblF42023[#Headers], 0) ), "" ) -> Y | AF77: =_xlfn.XLOOKUP(F6Results_2026[[#This Row],[Full_Name]],tblF22021[FULL_NAME],tblF22021[POINTS],"",0,1) -> 9 | AG77: =_xlfn.XLOOKUP(F6Results_2026[[#This Row],[Full_Name]],tblF42023[FULL_NAME],tblF42023[DIVISION],"",0,1) -> I | AH77: =_xlfn.XLOOKUP(F6Results_2026[[#This Row],[Full_Name]],tblF42023[FULL_NAME],tblF42023[TOTAL A''S],"",0,1) -> 2
A78: S4459/0537 | B78: 2026 | C78: 20130285682 | D78: JUDITH PASKALI MWESONGO | E78: HGK | F78: Arts | G78: F | H78: {=_xlfn.LET( _xlpm.g, F6Results_2026[[#This Row],[Hist]:[Acco]], _xlpm.pts, _xlfn.MAP(_xlpm.g, _xlfn.LAMBDA(_xlpm.x, IFERROR(VLOOKUP(_xlpm.x, AlevelPts, 2, FALSE), ""))), _xlpm.validPts, _xlfn._xlws.FILTER(_xlpm.pts, ISNUMBER(_xlpm.pts)), _xlpm.allBlank, SUM(--(_xlpm.g=""))=COLUMNS(_xlpm.g), IF( _xlpm.allBlank, "ABS", IFERROR(SUM(_xlpm.validPts), "") ) )} -> 9 | I78: =VLOOKUP(H78,$AO$11:$AP$17,2,TRUE) -> I | J78: ST.JUDE | K78: E | M78: D | N78: D | O78: A | Z78: {=SUM(IF(K78:Y78="A",1,0), IF(K78:Y78="B",2,0), IF(K78:Y78="C",3,0), IF(K78:Y78="D",4,0), IF(K78:Y78="E",5,0), IF(K78:Y78="S",6,0), IF(K78:Y78="F",7,0))} -> 14 | AA78: =_xlfn.XLOOKUP(F6Results_2026[[#This Row],[Full_Name]],tblF42023[FULL_NAME],tblF42023[POINTS],"",0,1) -> 11 | AB78: =_xlfn.XLOOKUP(F6Results_2026[[#This Row],[Full_Name]],tblF42023[FULL_NAME],tblF42023[DIVISION],"",0,1) -> I | AC78: =_xlfn.XLOOKUP(F6Results_2026[[#This Row],[Full_Name]],tblF42023[FULL_NAME],tblF42023[POINTS],"",0,1) -> 11 | AD78: =IFERROR( INDEX(tblF42023[[HKL]:[CBA]], MATCH(F6Results_2026[[#This Row],[Full_Name]], tblF42023[FULL_NAME], 0), MATCH(F6Results_2026[[#This Row],[Comb]], tblF42023[[#Headers],[HKL]:[CBA]], 0) ), "" ) -> 6 | AE78: =IFERROR( INDEX(tblF42023[], MATCH(F6Results_2026[[#This Row],[Full_Name]], tblF42023[FULL_NAME], 0), MATCH(F6Results_2026[[#This Row],[Comb]] & "_Q", tblF42023[#Headers], 0) ), "" ) -> Y | AF78: =_xlfn.XLOOKUP(F6Results_2026[[#This Row],[Full_Name]],tblF22021[FULL_NAME],tblF22021[POINTS],"",0,1) -> 8 | AG78: =_xlfn.XLOOKUP(F6Results_2026[[#This Row],[Full_Name]],tblF42023[FULL_NAME],tblF42023[DIVISION],"",0,1) -> I | AH78: =_xlfn.XLOOKUP(F6Results_2026[[#This Row],[Full_Name]],tblF42023[FULL_NAME],tblF42023[TOTAL A''S],"",0,1) -> 3
A79: S4459/0510 | B79: 2026 | C79: 20130285683 | D79: JULIANA GASPER TESHA | E79: HGL | F79: Arts | G79: F | H79: {=_xlfn.LET( _xlpm.g, F6Results_2026[[#This Row],[Hist]:[Acco]], _xlpm.pts, _xlfn.MAP(_xlpm.g, _xlfn.LAMBDA(_xlpm.x, IFERROR(VLOOKUP(_xlpm.x, AlevelPts, 2, FALSE), ""))), _xlpm.validPts, _xlfn._xlws.FILTER(_xlpm.pts, ISNUMBER(_xlpm.pts)), _xlpm.allBlank, SUM(--(_xlpm.g=""))=COLUMNS(_xlpm.g), IF( _xlpm.allBlank, "ABS", IFERROR(SUM(_xlpm.validPts), "") ) )} -> 8 | I79: =VLOOKUP(H79,$AO$11:$AP$17,2,TRUE) -> I | J79: ST.JUDE | K79: D | M79: C | N79: C | P79: B | Z79: {=SUM(IF(K79:Y79="A",1,0), IF(K79:Y79="B",2,0), IF(K79:Y79="C",3,0), IF(K79:Y79="D",4,0), IF(K79:Y79="E",5,0), IF(K79:Y79="S",6,0), IF(K79:Y79="F",7,0))} -> 12 | AA79: =_xlfn.XLOOKUP(F6Results_2026[[#This Row],[Full_Name]],tblF42023[FULL_NAME],tblF42023[POINTS],"",0,1) -> 7 | AB79: =_xlfn.XLOOKUP(F6Results_2026[[#This Row],[Full_Name]],tblF42023[FULL_NAME],tblF42023[DIVISION],"",0,1) -> I | AC79: =_xlfn.XLOOKUP(F6Results_2026[[#This Row],[Full_Name]],tblF42023[FULL_NAME],tblF42023[POINTS],"",0,1) -> 7 | AD79: =IFERROR( INDEX(tblF42023[[HKL]:[CBA]], MATCH(F6Results_2026[[#This Row],[Full_Name]], tblF42023[FULL_NAME], 0), MATCH(F6Results_2026[[#This Row],[Comb]], tblF42023[[#Headers],[HKL]:[CBA]], 0) ), "" ) -> 4 | AE79: =IFERROR( INDEX(tblF42023[], MATCH(F6Results_2026[[#This Row],[Full_Name]], tblF42023[FULL_NAME], 0), MATCH(F6Results_2026[[#This Row],[Comb]] & "_Q", tblF42023[#Headers], 0) ), "" ) -> Y | AF79: =_xlfn.XLOOKUP(F6Results_2026[[#This Row],[Full_Name]],tblF22021[FULL_NAME],tblF22021[POINTS],"",0,1) -> 7 | AG79: =_xlfn.XLOOKUP(F6Results_2026[[#This Row],[Full_Name]],tblF42023[FULL_NAME],tblF42023[DIVISION],"",0,1) -> I | AH79: =_xlfn.XLOOKUP(F6Results_2026[[#This Row],[Full_Name]],tblF42023[FULL_NAME],tblF42023[TOTAL A''S],"",0,1) -> 7
A80: S4459/0511 | B80: 2026 | C80: 20130285686 | D80: LINDA SOLOMON LUKUMAY | E80: HGL | F80: Arts | G80: F | H80: {=_xlfn.LET( _xlpm.g, F6Results_2026[[#This Row],[Hist]:[Acco]], _xlpm.pts, _xlfn.MAP(_xlpm.g, _xlfn.LAMBDA(_xlpm.x, IFERROR(VLOOKUP(_xlpm.x, AlevelPts, 2, FALSE), ""))), _xlpm.validPts, _xlfn._xlws.FILTER(_xlpm.pts, ISNUMBER(_xlpm.pts)), _xlpm.allBlank, SUM(--(_xlpm.g=""))=COLUMNS(_xlpm.g), IF( _xlpm.allBlank, "ABS", IFERROR(SUM(_xlpm.validPts), "") ) )} -> 11 | I80: =VLOOKUP(H80,$AO$11:$AP$17,2,TRUE) -> II | J80: ST.JUDE | K80: F | M80: C | N80: D | P80: D | Z80: {=SUM(IF(K80:Y80="A",1,0), IF(K80:Y80="B",2,0), IF(K80:Y80="C",3,0), IF(K80:Y80="D",4,0), IF(K80:Y80="E",5,0), IF(K80:Y80="S",6,0), IF(K80:Y80="F",7,0))} -> 18 | AA80: =_xlfn.XLOOKUP(F6Results_2026[[#This Row],[Full_Name]],tblF42023[FULL_NAME],tblF42023[POINTS],"",0,1) -> 18 | AB80: =_xlfn.XLOOKUP(F6Results_2026[[#This Row],[Full_Name]],tblF42023[FULL_NAME],tblF42023[DIVISION],"",0,1) -> II | AC80: =_xlfn.XLOOKUP(F6Results_2026[[#This Row],[Full_Name]],tblF42023[FULL_NAME],tblF42023[POINTS],"",0,1) -> 18 | AD80: =IFERROR( INDEX(tblF42023[[HKL]:[CBA]], MATCH(F6Results_2026[[#This Row],[Full_Name]], tblF42023[FULL_NAME], 0), MATCH(F6Results_2026[[#This Row],[Comb]], tblF42023[[#Headers],[HKL]:[CBA]], 0) ), "" ) -> 8 | AE80: =IFERROR( INDEX(tblF42023[], MATCH(F6Results_2026[[#This Row],[Full_Name]], tblF42023[FULL_NAME], 0), MATCH(F6Results_2026[[#This Row],[Comb]] & "_Q", tblF42023[#Headers], 0) ), "" ) -> N | AF80: =_xlfn.XLOOKUP(F6Results_2026[[#This Row],[Full_Name]],tblF22021[FULL_NAME],tblF22021[POINTS],"",0,1) | AG80: =_xlfn.XLOOKUP(F6Results_2026[[#This Row],[Full_Name]],tblF42023[FULL_NAME],tblF42023[DIVISION],"",0,1) -> II | AH80: =_xlfn.XLOOKUP(F6Results_2026[[#This Row],[Full_Name]],tblF42023[FULL_NAME],tblF42023[TOTAL A''S],"",0,1) -> 0
A81: S4459/0623 | B81: 2026 | C81: 20130285687 | D81: LOVENESS ABISHUA MPANDA | E81: PCB | F81: Science | G81: F | H81: {=_xlfn.LET( _xlpm.g, F6Results_2026[[#This Row],[Hist]:[Acco]], _xlpm.pts, _xlfn.MAP(_xlpm.g, _xlfn.LAMBDA(_xlpm.x, IFERROR(VLOOKUP(_xlpm.x, AlevelPts, 2, FALSE), ""))), _xlpm.validPts, _xlfn._xlws.FILTER(_xlpm.pts, ISNUMBER(_xlpm.pts)), _xlpm.allBlank, SUM(--(_xlpm.g=""))=COLUMNS(_xlpm.g), IF( _xlpm.allBlank, "ABS", IFERROR(SUM(_xlpm.validPts), "") ) )} -> 16 | I81: =VLOOKUP(H81,$AO$11:$AP$17,2,TRUE) -> III | J81: ST.JUDE | K81: E | L81: F | Q81: F | R81: E | S81: D | Z81: {=SUM(IF(K81:Y81="A",1,0), IF(K81:Y81="B",2,0), IF(K81:Y81="C",3,0), IF(K81:Y81="D",4,0), IF(K81:Y81="E",5,0), IF(K81:Y81="S",6,0), IF(K81:Y81="F",7,0))} -> 28 | AA81: =_xlfn.XLOOKUP(F6Results_2026[[#This Row],[Full_Name]],tblF42023[FULL_NAME],tblF42023[POINTS],"",0,1) -> 10 | AB81: =_xlfn.XLOOKUP(F6Results_2026[[#This Row],[Full_Name]],tblF42023[FULL_NAME],tblF42023[DIVISION],"",0,1) -> I | AC81: =_xlfn.XLOOKUP(F6Results_2026[[#This Row],[Full_Name]],tblF42023[FULL_NAME],tblF42023[POINTS],"",0,1) -> 10 | AD81: =IFERROR( INDEX(tblF42023[[HKL]:[CBA]], MATCH(F6Results_2026[[#This Row],[Full_Name]], tblF42023[FULL_NAME], 0), MATCH(F6Results_2026[[#This Row],[Comb]], tblF42023[[#Headers],[HKL]:[CBA]], 0) ), "" ) -> 7 | AE81: =IFERROR( INDEX(tblF42023[], MATCH(F6Results_2026[[#This Row],[Full_Name]], tblF42023[FULL_NAME], 0), MATCH(F6Results_2026[[#This Row],[Comb]] & "_Q", tblF42023[#Headers], 0) ), "" ) -> Y | AF81: =_xlfn.XLOOKUP(F6Results_2026[[#This Row],[Full_Name]],tblF22021[FULL_NAME],tblF22021[POINTS],"",0,1) -> 7 | AG81: =_xlfn.XLOOKUP(F6Results_2026[[#This Row],[Full_Name]],tblF42023[FULL_NAME],tblF42023[DIVISION],"",0,1) -> I | AH81: =_xlfn.XLOOKUP(F6Results_2026[[#This Row],[Full_Name]],tblF42023[FULL_NAME],tblF42023[TOTAL A''S],"",0,1) -> 4
A82: S4459/0624 | B82: 2026 | C82: 20130285688 | D82: MARIA GABRIEL KOROMBA | E82: PCB | F82: Science | G82: F | H82: {=_xlfn.LET( _xlpm.g, F6Results_2026[[#This Row],[Hist]:[Acco]], _xlpm.pts, _xlfn.MAP(_xlpm.g, _xlfn.LAMBDA(_xlpm.x, IFERROR(VLOOKUP(_xlpm.x, AlevelPts, 2, FALSE), ""))), _xlpm.validPts, _xlfn._xlws.FILTER(_xlpm.pts, ISNUMBER(_xlpm.pts)), _xlpm.allBlank, SUM(--(_xlpm.g=""))=COLUMNS(_xlpm.g), IF( _xlpm.allBlank, "ABS", IFERROR(SUM(_xlpm.validPts), "") ) )} -> 15 | I82: =VLOOKUP(H82,$AO$11:$AP$17,2,TRUE) -> III | J82: ST.JUDE | K82: S | L82: D | Q82: D | R82: D | S82: F | Z82: {=SUM(IF(K82:Y82="A",1,0), IF(K82:Y82="B",2,0), IF(K82:Y82="C",3,0), IF(K82:Y82="D",4,0), IF(K82:Y82="E",5,0), IF(K82:Y82="S",6,0), IF(K82:Y82="F",7,0))} -> 25 | AA82: =_xlfn.XLOOKUP(F6Results_2026[[#This Row],[Full_Name]],tblF42023[FULL_NAME],tblF42023[POINTS],"",0,1) -> 8 | AB82: =_xlfn.XLOOKUP(F6Results_2026[[#This Row],[Full_Name]],tblF42023[FULL_NAME],tblF42023[DIVISION],"",0,1) -> I | AC82: =_xlfn.XLOOKUP(F6Results_2026[[#This Row],[Full_Name]],tblF42023[FULL_NAME],tblF42023[POINTS],"",0,1) -> 8 | AD82: =IFERROR( INDEX(tblF42023[[HKL]:[CBA]], MATCH(F6Results_2026[[#This Row],[Full_Name]], tblF42023[FULL_NAME], 0), MATCH(F6Results_2026[[#This Row],[Comb]], tblF42023[[#Headers],[HKL]:[CBA]], 0) ), "" ) -> 5 | AE82: =IFERROR( INDEX(tblF42023[], MATCH(F6Results_2026[[#This Row],[Full_Name]], tblF42023[FULL_NAME], 0), MATCH(F6Results_2026[[#This Row],[Comb]] & "_Q", tblF42023[#Headers], 0) ), "" ) -> Y | AF82: =_xlfn.XLOOKUP(F6Results_2026[[#This Row],[Full_Name]],tblF22021[FULL_NAME],tblF22021[POINTS],"",0,1) -> 7 | AG82: =_xlfn.XLOOKUP(F6Results_2026[[#This Row],[Full_Name]],tblF42023[FULL_NAME],tblF42023[DIVISION],"",0,1) -> I | AH82: =_xlfn.XLOOKUP(F6Results_2026[[#This Row],[Full_Name]],tblF42023[FULL_NAME],tblF42023[TOTAL A''S],"",0,1) -> 6
A83: S4459/0562 | B83: 2026 | C83: 20130285693 | D83: MWANAHAWA HUSSEIN BEWA | E83: EGM | F83: Business | G83: F | H83: {=_xlfn.LET( _xlpm.g, F6Results_2026[[#This Row],[Hist]:[Acco]], _xlpm.pts, _xlfn.MAP(_xlpm.g, _xlfn.LAMBDA(_xlpm.x, IFERROR(VLOOKUP(_xlpm.x, AlevelPts, 2, FALSE), ""))), _xlpm.validPts, _xlfn._xlws.FILTER(_xlpm.pts, ISNUMBER(_xlpm.pts)), _xlpm.allBlank, SUM(--(_xlpm.g=""))=COLUMNS(_xlpm.g), IF( _xlpm.allBlank, "ABS", IFERROR(SUM(_xlpm.validPts), "") ) )} -> 12 | I83: =VLOOKUP(H83,$AO$11:$AP$17,2,TRUE) -> II | J83: ST.JUDE | K83: D | N83: B | U83: C | W83: F | Z83: {=SUM(IF(K83:Y83="A",1,0), IF(K83:Y83="B",2,0), IF(K83:Y83="C",3,0), IF(K83:Y83="D",4,0), IF(K83:Y83="E",5,0), IF(K83:Y83="S",6,0), IF(K83:Y83="F",7,0))} -> 16 | AA83: =_xlfn.XLOOKUP(F6Results_2026[[#This Row],[Full_Name]],tblF42023[FULL_NAME],tblF42023[POINTS],"",0,1) -> 8 | AB83: =_xlfn.XLOOKUP(F6Results_2026[[#This Row],[Full_Name]],tblF42023[FULL_NAME],tblF42023[DIVISION],"",0,1) -> I | AC83: =_xlfn.XLOOKUP(F6Results_2026[[#This Row],[Full_Name]],tblF42023[FULL_NAME],tblF42023[POINTS],"",0,1) -> 8 | AD83: =IFERROR( INDEX(tblF42023[[HKL]:[CBA]], MATCH(F6Results_2026[[#This Row],[Full_Name]], tblF42023[FULL_NAME], 0), MATCH(F6Results_2026[[#This Row],[Comb]], tblF42023[[#Headers],[HKL]:[CBA]], 0) ), "" ) -> 6 | AE83: =IFERROR( INDEX(tblF42023[], MATCH(F6Results_2026[[#This Row],[Full_Name]], tblF42023[FULL_NAME], 0), MATCH(F6Results_2026[[#This Row],[Comb]] & "_Q", tblF42023[#Headers], 0) ), "" ) -> Y | AF83: =_xlfn.XLOOKUP(F6Results_2026[[#This Row],[Full_Name]],tblF22021[FULL_NAME],tblF22021[POINTS],"",0,1) -> 7 | AG83: =_xlfn.XLOOKUP(F6Results_2026[[#This Row],[Full_Name]],tblF42023[FULL_NAME],tblF42023[DIVISION],"",0,1) -> I | AH83: =_xlfn.XLOOKUP(F6Results_2026[[#This Row],[Full_Name]],tblF42023[FULL_NAME],tblF42023[TOTAL A''S],"",0,1) -> 6
A84: S4459/0625 | B84: 2026 | C84: 20130285694 | D84: MWANAISHA SHABANI JUMA | E84: PCB | F84: Science | G84: F | H84: {=_xlfn.LET( _xlpm.g, F6Results_2026[[#This Row],[Hist]:[Acco]], _xlpm.pts, _xlfn.MAP(_xlpm.g, _xlfn.LAMBDA(_xlpm.x, IFERROR(VLOOKUP(_xlpm.x, AlevelPts, 2, FALSE), ""))), _xlpm.validPts, _xlfn._xlws.FILTER(_xlpm.pts, ISNUMBER(_xlpm.pts)), _xlpm.allBlank, SUM(--(_xlpm.g=""))=COLUMNS(_xlpm.g), IF( _xlpm.allBlank, "ABS", IFERROR(SUM(_xlpm.validPts), "") ) )} -> 10 | I84: =VLOOKUP(H84,$AO$11:$AP$17,2,TRUE) -> II | J84: ST.JUDE | K84: D | L84: F | Q84: D | R84: C | S84: C | Z84: {=SUM(IF(K84:Y84="A",1,0), IF(K84:Y84="B",2,0), IF(K84:Y84="C",3,0), IF(K84:Y84="D",4,0), IF(K84:Y84="E",5,0), IF(K84:Y84="S",6,0), IF(K84:Y84="F",7,0))} -> 21 | AA84: =_xlfn.XLOOKUP(F6Results_2026[[#This Row],[Full_Name]],tblF42023[FULL_NAME],tblF42023[POINTS],"",0,1) -> 8 | AB84: =_xlfn.XLOOKUP(F6Results_2026[[#This Row],[Full_Name]],tblF42023[FULL_NAME],tblF42023[DIVISION],"",0,1) -> I | AC84: =_xlfn.XLOOKUP(F6Results_2026[[#This Row],[Full_Name]],tblF42023[FULL_NAME],tblF42023[POINTS],"",0,1) -> 8 | AD84: =IFERROR( INDEX(tblF42023[[HKL]:[CBA]], MATCH(F6Results_2026[[#This Row],[Full_Name]], tblF42023[FULL_NAME], 0), MATCH(F6Results_2026[[#This Row],[Comb]], tblF42023[[#Headers],[HKL]:[CBA]], 0) ), "" ) -> 5 | AE84: =IFERROR( INDEX(tblF42023[], MATCH(F6Results_2026[[#This Row],[Full_Name]], tblF42023[FULL_NAME], 0), MATCH(F6Results_2026[[#This Row],[Comb]] & "_Q", tblF42023[#Headers], 0) ), "" ) -> Y | AF84: =_xlfn.XLOOKUP(F6Results_2026[[#This Row],[Full_Name]],tblF22021[FULL_NAME],tblF22021[POINTS],"",0,1) -> 7 | AG84: =_xlfn.XLOOKUP(F6Results_2026[[#This Row],[Full_Name]],tblF42023[FULL_NAME],tblF42023[DIVISION],"",0,1) -> I | AH84: =_xlfn.XLOOKUP(F6Results_2026[[#This Row],[Full_Name]],tblF42023[FULL_NAME],tblF42023[TOTAL A''S],"",0,1) -> 6
A85: S4459/0513 | B85: 2026 | C85: 20130285695 | D85: NAJMA JUMA MPEMBA | E85: HGL | F85: Arts | G85: F | H85: {=_xlfn.LET( _xlpm.g, F6Results_2026[[#This Row],[Hist]:[Acco]], _xlpm.pts, _xlfn.MAP(_xlpm.g, _xlfn.LAMBDA(_xlpm.x, IFERROR(VLOOKUP(_xlpm.x, AlevelPts, 2, FALSE), ""))), _xlpm.validPts, _xlfn._xlws.FILTER(_xlpm.pts, ISNUMBER(_xlpm.pts)), _xlpm.allBlank, SUM(--(_xlpm.g=""))=COLUMNS(_xlpm.g), IF( _xlpm.allBlank, "ABS", IFERROR(SUM(_xlpm.validPts), "") ) )} -> 11 | I85: =VLOOKUP(H85,$AO$11:$AP$17,2,TRUE) -> II | J85: ST.JUDE | K85: E | M85: D | N85: C | P85: D | Z85: {=SUM(IF(K85:Y85="A",1,0), IF(K85:Y85="B",2,0), IF(K85:Y85="C",3,0), IF(K85:Y85="D",4,0), IF(K85:Y85="E",5,0), IF(K85:Y85="S",6,0), IF(K85:Y85="F",7,0))} -> 16 | AA85: =_xlfn.XLOOKUP(F6Results_2026[[#This Row],[Full_Name]],tblF42023[FULL_NAME],tblF42023[POINTS],"",0,1) -> 10 | AB85: =_xlfn.XLOOKUP(F6Results_2026[[#This Row],[Full_Name]],tblF42023[FULL_NAME],tblF42023[DIVISION],"",0,1) -> I | AC85: =_xlfn.XLOOKUP(F6Results_2026[[#This Row],[Full_Name]],tblF42023[FULL_NAME],tblF42023[POINTS],"",0,1) -> 10 | AD85: =IFERROR( INDEX(tblF42023[[HKL]:[CBA]], MATCH(F6Results_2026[[#This Row],[Full_Name]], tblF42023[FULL_NAME], 0), MATCH(F6Results_2026[[#This Row],[Comb]], tblF42023[[#Headers],[HKL]:[CBA]], 0) ), "" ) -> 5 | AE85: =IFERROR( INDEX(tblF42023[], MATCH(F6Results_2026[[#This Row],[Full_Name]], tblF42023[FULL_NAME], 0), MATCH(F6Results_2026[[#This Row],[Comb]] & "_Q", tblF42023[#Headers], 0) ), "" ) -> Y | AF85: =_xlfn.XLOOKUP(F6Results_2026[[#This Row],[Full_Name]],tblF22021[FULL_NAME],tblF22021[POINTS],"",0,1) -> 7 | AG85: =_xlfn.XLOOKUP(F6Results_2026[[#This Row],[Full_Name]],tblF42023[FULL_NAME],tblF42023[DIVISION],"",0,1) -> I | AH85: =_xlfn.XLOOKUP(F6Results_2026[[#This Row],[Full_Name]],tblF42023[FULL_NAME],tblF42023[TOTAL A''S],"",0,1) -> 4
A86: S4459/0626 | B86: 2026 | C86: 20130285696 | D86: NANCY GADIEL MBAGA | E86: PCB | F86: Science | G86: F | H86: {=_xlfn.LET( _xlpm.g, F6Results_2026[[#This Row],[Hist]:[Acco]], _xlpm.pts, _xlfn.MAP(_xlpm.g, _xlfn.LAMBDA(_xlpm.x, IFERROR(VLOOKUP(_xlpm.x, AlevelPts, 2, FALSE), ""))), _xlpm.validPts, _xlfn._xlws.FILTER(_xlpm.pts, ISNUMBER(_xlpm.pts)), _xlpm.allBlank, SUM(--(_xlpm.g=""))=COLUMNS(_xlpm.g), IF( _xlpm.allBlank, "ABS", IFERROR(SUM(_xlpm.validPts), "") ) )} -> 16 | I86: =VLOOKUP(H86,$AO$11:$AP$17,2,TRUE) -> III | J86: ST.JUDE | K86: E | L86: F | Q86: E | R86: D | S86: F | Z86: {=SUM(IF(K86:Y86="A",1,0), IF(K86:Y86="B",2,0), IF(K86:Y86="C",3,0), IF(K86:Y86="D",4,0), IF(K86:Y86="E",5,0), IF(K86:Y86="S",6,0), IF(K86:Y86="F",7,0))} -> 28 | AA86: =_xlfn.XLOOKUP(F6Results_2026[[#This Row],[Full_Name]],tblF42023[FULL_NAME],tblF42023[POINTS],"",0,1) -> 7 | AB86: =_xlfn.XLOOKUP(F6Results_2026[[#This Row],[Full_Name]],tblF42023[FULL_NAME],tblF42023[DIVISION],"",0,1) -> I | AC86: =_xlfn.XLOOKUP(F6Results_2026[[#This Row],[Full_Name]],tblF42023[FULL_NAME],tblF42023[POINTS],"",0,1) -> 7 | AD86: =IFERROR( INDEX(tblF42023[[HKL]:[CBA]], MATCH(F6Results_2026[[#This Row],[Full_Name]], tblF42023[FULL_NAME], 0), MATCH(F6Results_2026[[#This Row],[Comb]], tblF42023[[#Headers],[HKL]:[CBA]], 0) ), "" ) -> 5 | AE86: =IFERROR( INDEX(tblF42023[], MATCH(F6Results_2026[[#This Row],[Full_Name]], tblF42023[FULL_NAME], 0), MATCH(F6Results_2026[[#This Row],[Comb]] & "_Q", tblF42023[#Headers], 0) ), "" ) -> Y | AF86: =_xlfn.XLOOKUP(F6Results_2026[[#This Row],[Full_Name]],tblF22021[FULL_NAME],tblF22021[POINTS],"",0,1) -> 7 | AG86: =_xlfn.XLOOKUP(F6Results_2026[[#This Row],[Full_Name]],tblF42023[FULL_NAME],tblF42023[DIVISION],"",0,1) -> I | AH86: =_xlfn.XLOOKUP(F6Results_2026[[#This Row],[Full_Name]],tblF42023[FULL_NAME],tblF42023[TOTAL A''S],"",0,1) -> 8
A87: S4459/0563 | B87: 2026 | C87: 20130285697 | D87: NEEMA LAZARO MSENGI | E87: EGM | F87: Business | G87: F | H87: {=_xlfn.LET( _xlpm.g, F6Results_2026[[#This Row],[Hist]:[Acco]], _xlpm.pts, _xlfn.MAP(_xlpm.g, _xlfn.LAMBDA(_xlpm.x, IFERROR(VLOOKUP(_xlpm.x, AlevelPts, 2, FALSE), ""))), _xlpm.validPts, _xlfn._xlws.FILTER(_xlpm.pts, ISNUMBER(_xlpm.pts)), _xlpm.allBlank, SUM(--(_xlpm.g=""))=COLUMNS(_xlpm.g), IF( _xlpm.allBlank, "ABS", IFERROR(SUM(_xlpm.validPts), "") ) )} -> 14 | I87: =VLOOKUP(H87,$AO$11:$AP$17,2,TRUE) -> III | J87: ST.JUDE | K87: D | N87: C | U87: D | W87: F | Z87: {=SUM(IF(K87:Y87="A",1,0), IF(K87:Y87="B",2,0), IF(K87:Y87="C",3,0), IF(K87:Y87="D",4,0), IF(K87:Y87="E",5,0), IF(K87:Y87="S",6,0), IF(K87:Y87="F",7,0))} -> 18 | AA87: =_xlfn.XLOOKUP(F6Results_2026[[#This Row],[Full_Name]],tblF42023[FULL_NAME],tblF42023[POINTS],"",0,1) -> 7 | AB87: =_xlfn.XLOOKUP(F6Results_2026[[#This Row],[Full_Name]],tblF42023[FULL_NAME],tblF42023[DIVISION],"",0,1) -> I | AC87: =_xlfn.XLOOKUP(F6Results_2026[[#This Row],[Full_Name]],tblF42023[FULL_NAME],tblF42023[POINTS],"",0,1) -> 7 | AD87: =IFERROR( INDEX(tblF42023[[HKL]:[CBA]], MATCH(F6Results_2026[[#This Row],[Full_Name]], tblF42023[FULL_NAME], 0), MATCH(F6Results_2026[[#This Row],[Comb]], tblF42023[[#Headers],[HKL]:[CBA]], 0) ), "" ) -> 4 | AE87: =IFERROR( INDEX(tblF42023[], MATCH(F6Results_2026[[#This Row],[Full_Name]], tblF42023[FULL_NAME], 0), MATCH(F6Results_2026[[#This Row],[Comb]] & "_Q", tblF42023[#Headers], 0) ), "" ) -> Y | AF87: =_xlfn.XLOOKUP(F6Results_2026[[#This Row],[Full_Name]],tblF22021[FULL_NAME],tblF22021[POINTS],"",0,1) -> 7 | AG87: =_xlfn.XLOOKUP(F6Results_2026[[#This Row],[Full_Name]],tblF42023[FULL_NAME],tblF42023[DIVISION],"",0,1) -> I | AH87: =_xlfn.XLOOKUP(F6Results_2026[[#This Row],[Full_Name]],tblF42023[FULL_NAME],tblF42023[TOTAL A''S],"",0,1) -> 7
A88: S4459/0591 | B88: 2026 | C88: 20130285698 | D88: NORA ELIAS MKUDE | E88: PCM | F88: Science | G88: F | H88: {=_xlfn.LET( _xlpm.g, F6Results_2026[[#This Row],[Hist]:[Acco]], _xlpm.pts, _xlfn.MAP(_xlpm.g, _xlfn.LAMBDA(_xlpm.x, IFERROR(VLOOKUP(_xlpm.x, AlevelPts, 2, FALSE), ""))), _xlpm.validPts, _xlfn._xlws.FILTER(_xlpm.pts, ISNUMBER(_xlpm.pts)), _xlpm.allBlank, SUM(--(_xlpm.g=""))=COLUMNS(_xlpm.g), IF( _xlpm.allBlank, "ABS", IFERROR(SUM(_xlpm.validPts), "") ) )} -> 13 | I88: =VLOOKUP(H88,$AO$11:$AP$17,2,TRUE) -> III | J88: ST.JUDE | K88: S | Q88: E | R88: C | U88: E | Z88: {=SUM(IF(K88:Y88="A",1,0), IF(K88:Y88="B",2,0), IF(K88:Y88="C",3,0), IF(K88:Y88="D",4,0), IF(K88:Y88="E",5,0), IF(K88:Y88="S",6,0), IF(K88:Y88="F",7,0))} -> 19 | AA88: =_xlfn.XLOOKUP(F6Results_2026[[#This Row],[Full_Name]],tblF42023[FULL_NAME],tblF42023[POINTS],"",0,1) -> 9 | AB88: =_xlfn.XLOOKUP(F6Results_2026[[#This Row],[Full_Name]],tblF42023[FULL_NAME],tblF42023[DIVISION],"",0,1) -> I | AC88: =_xlfn.XLOOKUP(F6Results_2026[[#This Row],[Full_Name]],tblF42023[FULL_NAME],tblF42023[POINTS],"",0,1) -> 9 | AD88: =IFERROR( INDEX(tblF42023[[HKL]:[CBA]], MATCH(F6Results_2026[[#This Row],[Full_Name]], tblF42023[FULL_NAME], 0), MATCH(F6Results_2026[[#This Row],[Comb]], tblF42023[[#Headers],[HKL]:[CBA]], 0) ), "" ) -> 8 | AE88: =IFERROR( INDEX(tblF42023[], MATCH(F6Results_2026[[#This Row],[Full_Name]], tblF42023[FULL_NAME], 0), MATCH(F6Results_2026[[#This Row],[Comb]] & "_Q", tblF42023[#Headers], 0) ), "" ) -> N | AF88: =_xlfn.XLOOKUP(F6Results_2026[[#This Row],[Full_Name]],tblF22021[FULL_NAME],tblF22021[POINTS],"",0,1) -> 7 | AG88: =_xlfn.XLOOKUP(F6Results_2026[[#This Row],[Full_Name]],tblF42023[FULL_NAME],tblF42023[DIVISION],"",0,1) -> I | AH88: =_xlfn.XLOOKUP(F6Results_2026[[#This Row],[Full_Name]],tblF42023[FULL_NAME],tblF42023[TOTAL A''S],"",0,1) -> 5
A89: S4459/0514 | B89: 2026 | C89: 20130285699 | D89: NORA EMANUEL KIRIA | E89: HGL | F89: Arts | G89: F | H89: {=_xlfn.LET( _xlpm.g, F6Results_2026[[#This Row],[Hist]:[Acco]], _xlpm.pts, _xlfn.MAP(_xlpm.g, _xlfn.LAMBDA(_xlpm.x, IFERROR(VLOOKUP(_xlpm.x, AlevelPts, 2, FALSE), ""))), _xlpm.validPts, _xlfn._xlws.FILTER(_xlpm.pts, ISNUMBER(_xlpm.pts)), _xlpm.allBlank, SUM(--(_xlpm.g=""))=COLUMNS(_xlpm.g), IF( _xlpm.allBlank, "ABS", IFERROR(SUM(_xlpm.validPts), "") ) )} -> 9 | I89: =VLOOKUP(H89,$AO$11:$AP$17,2,TRUE) -> I | J89: ST.JUDE | K89: D | M89: D | N89: C | P89: B | Z89: {=SUM(IF(K89:Y89="A",1,0), IF(K89:Y89="B",2,0), IF(K89:Y89="C",3,0), IF(K89:Y89="D",4,0), IF(K89:Y89="E",5,0), IF(K89:Y89="S",6,0), IF(K89:Y89="F",7,0))} -> 13 | AA89: =_xlfn.XLOOKUP(F6Results_2026[[#This Row],[Full_Name]],tblF42023[FULL_NAME],tblF42023[POINTS],"",0,1) -> 7 | AB89: =_xlfn.XLOOKUP(F6Results_2026[[#This Row],[Full_Name]],tblF42023[FULL_NAME],tblF42023[DIVISION],"",0,1) -> I | AC89: =_xlfn.XLOOKUP(F6Results_2026[[#This Row],[Full_Name]],tblF42023[FULL_NAME],tblF42023[POINTS],"",0,1) -> 7 | AD89: =IFERROR( INDEX(tblF42023[[HKL]:[CBA]], MATCH(F6Results_2026[[#This Row],[Full_Name]], tblF42023[FULL_NAME], 0), MATCH(F6Results_2026[[#This Row],[Comb]], tblF42023[[#Headers],[HKL]:[CBA]], 0) ), "" ) -> 5 | AE89: =IFERROR( INDEX(tblF42023[], MATCH(F6Results_2026[[#This Row],[Full_Name]], tblF42023[FULL_NAME], 0), MATCH(F6Results_2026[[#This Row],[Comb]] & "_Q", tblF42023[#Headers], 0) ), "" ) -> Y | AF89: =_xlfn.XLOOKUP(F6Results_2026[[#This Row],[Full_Name]],tblF22021[FULL_NAME],tblF22021[POINTS],"",0,1) -> 8 | AG89: =_xlfn.XLOOKUP(F6Results_2026[[#This Row],[Full_Name]],tblF42023[FULL_NAME],tblF42023[DIVISION],"",0,1) -> I | AH89: =_xlfn.XLOOKUP(F6Results_2026[[#This Row],[Full_Name]],tblF42023[FULL_NAME],tblF42023[TOTAL A''S],"",0,1) -> 7
A90: S4459/0515 | B90: 2026 | C90: 20130285701 | D90: OPRA DASTAN MHINA | E90: HGL | F90: Arts | G90: F | H90: {=_xlfn.LET( _xlpm.g, F6Results_2026[[#This Row],[Hist]:[Acco]], _xlpm.pts, _xlfn.MAP(_xlpm.g, _xlfn.LAMBDA(_xlpm.x, IFERROR(VLOOKUP(_xlpm.x, AlevelPts, 2, FALSE), ""))), _xlpm.validPts, _xlfn._xlws.FILTER(_xlpm.pts, ISNUMBER(_xlpm.pts)), _xlpm.allBlank, SUM(--(_xlpm.g=""))=COLUMNS(_xlpm.g), IF( _xlpm.allBlank, "ABS", IFERROR(SUM(_xlpm.validPts), "") ) )} -> 10 | I90: =VLOOKUP(H90,$AO$11:$AP$17,2,TRUE) -> II | J90: ST.JUDE | K90: E | M90: D | N90: D | P90: B | Z90: {=SUM(IF(K90:Y90="A",1,0), IF(K90:Y90="B",2,0), IF(K90:Y90="C",3,0), IF(K90:Y90="D",4,0), IF(K90:Y90="E",5,0), IF(K90:Y90="S",6,0), IF(K90:Y90="F",7,0))} -> 15 | AA90: =_xlfn.XLOOKUP(F6Results_2026[[#This Row],[Full_Name]],tblF42023[FULL_NAME],tblF42023[POINTS],"",0,1) -> 10 | AB90: =_xlfn.XLOOKUP(F6Results_2026[[#This Row],[Full_Name]],tblF42023[FULL_NAME],tblF42023[DIVISION],"",0,1) -> I | AC90: =_xlfn.XLOOKUP(F6Results_2026[[#This Row],[Full_Name]],tblF42023[FULL_NAME],tblF42023[POINTS],"",0,1) -> 10 | AD90: =IFERROR( INDEX(tblF42023[[HKL]:[CBA]], MATCH(F6Results_2026[[#This Row],[Full_Name]], tblF42023[FULL_NAME], 0), MATCH(F6Results_2026[[#This Row],[Comb]], tblF42023[[#Headers],[HKL]:[CBA]], 0) ), "" ) -> 4 | AE90: =IFERROR( INDEX(tblF42023[], MATCH(F6Results_2026[[#This Row],[Full_Name]], tblF42023[FULL_NAME], 0), MATCH(F6Results_2026[[#This Row],[Comb]] & "_Q", tblF42023[#Headers], 0) ), "" ) -> Y | AF90: =_xlfn.XLOOKUP(F6Results_2026[[#This Row],[Full_Name]],tblF22021[FULL_NAME],tblF22021[POINTS],"",0,1) -> 7 | AG90: =_xlfn.XLOOKUP(F6Results_2026[[#This Row],[Full_Name]],tblF42023[FULL_NAME],tblF42023[DIVISION],"",0,1) -> I | AH90: =_xlfn.XLOOKUP(F6Results_2026[[#This Row],[Full_Name]],tblF42023[FULL_NAME],tblF42023[TOTAL A''S],"",0,1) -> 4
A91: S4459/0542 | B91: 2026 | C91: 20130285703 | D91: QUEEN AYUBU LAIZER | E91: HGK | F91: Arts | G91: F | H91: {=_xlfn.LET( _xlpm.g, F6Results_2026[[#This Row],[Hist]:[Acco]], _xlpm.pts, _xlfn.MAP(_xlpm.g, _xlfn.LAMBDA(_xlpm.x, IFERROR(VLOOKUP(_xlpm.x, AlevelPts, 2, FALSE), ""))), _xlpm.validPts, _xlfn._xlws.FILTER(_xlpm.pts, ISNUMBER(_xlpm.pts)), _xlpm.allBlank, SUM(--(_xlpm.g=""))=COLUMNS(_xlpm.g), IF( _xlpm.allBlank, "ABS", IFERROR(SUM(_xlpm.validPts), "") ) )} -> 8 | I91: =VLOOKUP(H91,$AO$11:$AP$17,2,TRUE) -> I | J91: ST.JUDE | K91: E | M91: D | N91: C | O91: A | Z91: {=SUM(IF(K91:Y91="A",1,0), IF(K91:Y91="B",2,0), IF(K91:Y91="C",3,0), IF(K91:Y91="D",4,0), IF(K91:Y91="E",5,0), IF(K91:Y91="S",6,0), IF(K91:Y91="F",7,0))} -> 13 | AA91: =_xlfn.XLOOKUP(F6Results_2026[[#This Row],[Full_Name]],tblF42023[FULL_NAME],tblF42023[POINTS],"",0,1) -> 15 | AB91: =_xlfn.XLOOKUP(F6Results_2026[[#This Row],[Full_Name]],tblF42023[FULL_NAME],tblF42023[DIVISION],"",0,1) -> I | AC91: =_xlfn.XLOOKUP(F6Results_2026[[#This Row],[Full_Name]],tblF42023[FULL_NAME],tblF42023[POINTS],"",0,1) -> 15 | AD91: =IFERROR( INDEX(tblF42023[[HKL]:[CBA]], MATCH(F6Results_2026[[#This Row],[Full_Name]], tblF42023[FULL_NAME], 0), MATCH(F6Results_2026[[#This Row],[Comb]], tblF42023[[#Headers],[HKL]:[CBA]], 0) ), "" ) -> 7 | AE91: =IFERROR( INDEX(tblF42023[], MATCH(F6Results_2026[[#This Row],[Full_Name]], tblF42023[FULL_NAME], 0), MATCH(F6Results_2026[[#This Row],[Comb]] & "_Q", tblF42023[#Headers], 0) ), "" ) -> N | AF91: =_xlfn.XLOOKUP(F6Results_2026[[#This Row],[Full_Name]],tblF22021[FULL_NAME],tblF22021[POINTS],"",0,1) -> 10 | AG91: =_xlfn.XLOOKUP(F6Results_2026[[#This Row],[Full_Name]],tblF42023[FULL_NAME],tblF42023[DIVISION],"",0,1) -> I | AH91: =_xlfn.XLOOKUP(F6Results_2026[[#This Row],[Full_Name]],tblF42023[FULL_NAME],tblF42023[TOTAL A''S],"",0,1) -> 1
A92: S4459/0516 | B92: 2026 | C92: 20130285705 | D92: RACHEL FESTO NDAGO | E92: HGL | F92: Arts | G92: F | H92: {=_xlfn.LET( _xlpm.g, F6Results_2026[[#This Row],[Hist]:[Acco]], _xlpm.pts, _xlfn.MAP(_xlpm.g, _xlfn.LAMBDA(_xlpm.x, IFERROR(VLOOKUP(_xlpm.x, AlevelPts, 2, FALSE), ""))), _xlpm.validPts, _xlfn._xlws.FILTER(_xlpm.pts, ISNUMBER(_xlpm.pts)), _xlpm.allBlank, SUM(--(_xlpm.g=""))=COLUMNS(_xlpm.g), IF( _xlpm.allBlank, "ABS", IFERROR(SUM(_xlpm.validPts), "") ) )} -> 10 | I92: =VLOOKUP(H92,$AO$11:$AP$17,2,TRUE) -> II | J92: ST.JUDE | K92: F | M92: D | N92: C | P92: C | Z92: {=SUM(IF(K92:Y92="A",1,0), IF(K92:Y92="B",2,0), IF(K92:Y92="C",3,0), IF(K92:Y92="D",4,0), IF(K92:Y92="E",5,0), IF(K92:Y92="S",6,0), IF(K92:Y92="F",7,0))} -> 17 | AA92: =_xlfn.XLOOKUP(F6Results_2026[[#This Row],[Full_Name]],tblF42023[FULL_NAME],tblF42023[POINTS],"",0,1) -> 14 | AB92: =_xlfn.XLOOKUP(F6Results_2026[[#This Row],[Full_Name]],tblF42023[FULL_NAME],tblF42023[DIVISION],"",0,1) -> I | AC92: =_xlfn.XLOOKUP(F6Results_2026[[#This Row],[Full_Name]],tblF42023[FULL_NAME],tblF42023[POINTS],"",0,1) -> 14 | AD92: =IFERROR( INDEX(tblF42023[[HKL]:[CBA]], MATCH(F6Results_2026[[#This Row],[Full_Name]], tblF42023[FULL_NAME], 0), MATCH(F6Results_2026[[#This Row],[Comb]], tblF42023[[#Headers],[HKL]:[CBA]], 0) ), "" ) -> 7 | AE92: =IFERROR( INDEX(tblF42023[], MATCH(F6Results_2026[[#This Row],[Full_Name]], tblF42023[FULL_NAME], 0), MATCH(F6Results_2026[[#This Row],[Comb]] & "_Q", tblF42023[#Headers], 0) ), "" ) -> N | AF92: =_xlfn.XLOOKUP(F6Results_2026[[#This Row],[Full_Name]],tblF22021[FULL_NAME],tblF22021[POINTS],"",0,1) -> 7 | AG92: =_xlfn.XLOOKUP(F6Results_2026[[#This Row],[Full_Name]],tblF42023[FULL_NAME],tblF42023[DIVISION],"",0,1) -> I | AH92: =_xlfn.XLOOKUP(F6Results_2026[[#This Row],[Full_Name]],tblF42023[FULL_NAME],tblF42023[TOTAL A''S],"",0,1) -> 1
A93: S4459/0517 | B93: 2026 | C93: 20130285706 | D93: RAHABU GIDEON MADUKA | E93: HGL | F93: Arts | G93: F | H93: {=_xlfn.LET( _xlpm.g, F6Results_2026[[#This Row],[Hist]:[Acco]], _xlpm.pts, _xlfn.MAP(_xlpm.g, _xlfn.LAMBDA(_xlpm.x, IFERROR(VLOOKUP(_xlpm.x, AlevelPts, 2, FALSE), ""))), _xlpm.validPts, _xlfn._xlws.FILTER(_xlpm.pts, ISNUMBER(_xlpm.pts)), _xlpm.allBlank, SUM(--(_xlpm.g=""))=COLUMNS(_xlpm.g), IF( _xlpm.allBlank, "ABS", IFERROR(SUM(_xlpm.validPts), "") ) )} -> 13 | I93: =VLOOKUP(H93,$AO$11:$AP$17,2,TRUE) -> III | J93: ST.JUDE | K93: E | M93: D | N93: E | P93: D | Z93: {=SUM(IF(K93:Y93="A",1,0), IF(K93:Y93="B",2,0), IF(K93:Y93="C",3,0), IF(K93:Y93="D",4,0), IF(K93:Y93="E",5,0), IF(K93:Y93="S",6,0), IF(K93:Y93="F",7,0))} -> 18 | AA93: =_xlfn.XLOOKUP(F6Results_2026[[#This Row],[Full_Name]],tblF42023[FULL_NAME],tblF42023[POINTS],"",0,1) -> 16 | AB93: =_xlfn.XLOOKUP(F6Results_2026[[#This Row],[Full_Name]],tblF42023[FULL_NAME],tblF42023[DIVISION],"",0,1) -> I | AC93: =_xlfn.XLOOKUP(F6Results_2026[[#This Row],[Full_Name]],tblF42023[FULL_NAME],tblF42023[POINTS],"",0,1) -> 16 | AD93: =IFERROR( INDEX(tblF42023[[HKL]:[CBA]], MATCH(F6Results_2026[[#This Row],[Full_Name]], tblF42023[FULL_NAME], 0), MATCH(F6Results_2026[[#This Row],[Comb]], tblF42023[[#Headers],[HKL]:[CBA]], 0) ), "" ) -> 8 | AE93: =IFERROR( INDEX(tblF42023[], MATCH(F6Results_2026[[#This Row],[Full_Name]], tblF42023[FULL_NAME], 0), MATCH(F6Results_2026[[#This Row],[Comb]] & "_Q", tblF42023[#Headers], 0) ), "" ) -> N | AF93: =_xlfn.XLOOKUP(F6Results_2026[[#This Row],[Full_Name]],tblF22021[FULL_NAME],tblF22021[POINTS],"",0,1) -> 9 | AG93: =_xlfn.XLOOKUP(F6Results_2026[[#This Row],[Full_Name]],tblF42023[FULL_NAME],tblF42023[DIVISION],"",0,1) -> I | AH93: =_xlfn.XLOOKUP(F6Results_2026[[#This Row],[Full_Name]],tblF42023[FULL_NAME],tblF42023[TOTAL A''S],"",0,1) -> 0
A94: S4459/0628 | B94: 2026 | C94: 20130285707 | D94: ROSE DONATI LYIMO | E94: PCB | F94: Science | G94: F | H94: {=_xlfn.LET( _xlpm.g, F6Results_2026[[#This Row],[Hist]:[Acco]], _xlpm.pts, _xlfn.MAP(_xlpm.g, _xlfn.LAMBDA(_xlpm.x, IFERROR(VLOOKUP(_xlpm.x, AlevelPts, 2, FALSE), ""))), _xlpm.validPts, _xlfn._xlws.FILTER(_xlpm.pts, ISNUMBER(_xlpm.pts)), _xlpm.allBlank, SUM(--(_xlpm.g=""))=COLUMNS(_xlpm.g), IF( _xlpm.allBlank, "ABS", IFERROR(SUM(_xlpm.validPts), "") ) )} -> 16 | I94: =VLOOKUP(H94,$AO$11:$AP$17,2,TRUE) -> III | J94: ST.JUDE | K94: E | L94: S | Q94: E | R94: D | S94: F | Z94: {=SUM(IF(K94:Y94="A",1,0), IF(K94:Y94="B",2,0), IF(K94:Y94="C",3,0), IF(K94:Y94="D",4,0), IF(K94:Y94="E",5,0), IF(K94:Y94="S",6,0), IF(K94:Y94="F",7,0))} -> 27 | AA94: =_xlfn.XLOOKUP(F6Results_2026[[#This Row],[Full_Name]],tblF42023[FULL_NAME],tblF42023[POINTS],"",0,1) -> 7 | AB94: =_xlfn.XLOOKUP(F6Results_2026[[#This Row],[Full_Name]],tblF42023[FULL_NAME],tblF42023[DIVISION],"",0,1) -> I | AC94: =_xlfn.XLOOKUP(F6Results_2026[[#This Row],[Full_Name]],tblF42023[FULL_NAME],tblF42023[POINTS],"",0,1) -> 7 | AD94: =IFERROR( INDEX(tblF42023[[HKL]:[CBA]], MATCH(F6Results_2026[[#This Row],[Full_Name]], tblF42023[FULL_NAME], 0), MATCH(F6Results_2026[[#This Row],[Comb]], tblF42023[[#Headers],[HKL]:[CBA]], 0) ), "" ) -> 5 | AE94: =IFERROR( INDEX(tblF42023[], MATCH(F6Results_2026[[#This Row],[Full_Name]], tblF42023[FULL_NAME], 0), MATCH(F6Results_2026[[#This Row],[Comb]] & "_Q", tblF42023[#Headers], 0) ), "" ) -> Y | AF94: =_xlfn.XLOOKUP(F6Results_2026[[#This Row],[Full_Name]],tblF22021[FULL_NAME],tblF22021[POINTS],"",0,1) -> 7 | AG94: =_xlfn.XLOOKUP(F6Results_2026[[#This Row],[Full_Name]],tblF42023[FULL_NAME],tblF42023[DIVISION],"",0,1) -> I | AH94: =_xlfn.XLOOKUP(F6Results_2026[[#This Row],[Full_Name]],tblF42023[FULL_NAME],tblF42023[TOTAL A''S],"",0,1) -> 8
A95: S4459/0629 | B95: 2026 | C95: 20130285709 | D95: SALOME ABEL LAIZER | E95: PCB | F95: Science | G95: F | H95: {=_xlfn.LET( _xlpm.g, F6Results_2026[[#This Row],[Hist]:[Acco]], _xlpm.pts, _xlfn.MAP(_xlpm.g, _xlfn.LAMBDA(_xlpm.x, IFERROR(VLOOKUP(_xlpm.x, AlevelPts, 2, FALSE), ""))), _xlpm.validPts, _xlfn._xlws.FILTER(_xlpm.pts, ISNUMBER(_xlpm.pts)), _xlpm.allBlank, SUM(--(_xlpm.g=""))=COLUMNS(_xlpm.g), IF( _xlpm.allBlank, "ABS", IFERROR(SUM(_xlpm.validPts), "") ) )} -> 15 | I95: =VLOOKUP(H95,$AO$11:$AP$17,2,TRUE) -> III | J95: ST.JUDE | K95: D | L95: C | Q95: D | R95: D | S95: F | Z95: {=SUM(IF(K95:Y95="A",1,0), IF(K95:Y95="B",2,0), IF(K95:Y95="C",3,0), IF(K95:Y95="D",4,0), IF(K95:Y95="E",5,0), IF(K95:Y95="S",6,0), IF(K95:Y95="F",7,0))} -> 22 | AA95: =_xlfn.XLOOKUP(F6Results_2026[[#This Row],[Full_Name]],tblF42023[FULL_NAME],tblF42023[POINTS],"",0,1) -> 7 | AB95: =_xlfn.XLOOKUP(F6Results_2026[[#This Row],[Full_Name]],tblF42023[FULL_NAME],tblF42023[DIVISION],"",0,1) -> I | AC95: =_xlfn.XLOOKUP(F6Results_2026[[#This Row],[Full_Name]],tblF42023[FULL_NAME],tblF42023[POINTS],"",0,1) -> 7 | AD95: =IFERROR( INDEX(tblF42023[[HKL]:[CBA]], MATCH(F6Results_2026[[#This Row],[Full_Name]], tblF42023[FULL_NAME], 0), MATCH(F6Results_2026[[#This Row],[Comb]], tblF42023[[#Headers],[HKL]:[CBA]], 0) ), "" ) -> 5 | AE95: =IFERROR( INDEX(tblF42023[], MATCH(F6Results_2026[[#This Row],[Full_Name]], tblF42023[FULL_NAME], 0), MATCH(F6Results_2026[[#This Row],[Comb]] & "_Q", tblF42023[#Headers], 0) ), "" ) -> Y | AF95: =_xlfn.XLOOKUP(F6Results_2026[[#This Row],[Full_Name]],tblF22021[FULL_NAME],tblF22021[POINTS],"",0,1) -> 7 | AG95: =_xlfn.XLOOKUP(F6Results_2026[[#This Row],[Full_Name]],tblF42023[FULL_NAME],tblF42023[DIVISION],"",0,1) -> I | AH95: =_xlfn.XLOOKUP(F6Results_2026[[#This Row],[Full_Name]],tblF42023[FULL_NAME],tblF42023[TOTAL A''S],"",0,1) -> 9
A96: S4459/0518 | B96: 2026 | C96: 20130285710 | D96: SARA MIRAJI MSHAKANGOTO | E96: HGL | F96: Arts | G96: F | H96: {=_xlfn.LET( _xlpm.g, F6Results_2026[[#This Row],[Hist]:[Acco]], _xlpm.pts, _xlfn.MAP(_xlpm.g, _xlfn.LAMBDA(_xlpm.x, IFERROR(VLOOKUP(_xlpm.x, AlevelPts, 2, FALSE), ""))), _xlpm.validPts, _xlfn._xlws.FILTER(_xlpm.pts, ISNUMBER(_xlpm.pts)), _xlpm.allBlank, SUM(--(_xlpm.g=""))=COLUMNS(_xlpm.g), IF( _xlpm.allBlank, "ABS", IFERROR(SUM(_xlpm.validPts), "") ) )} -> 12 | I96: =VLOOKUP(H96,$AO$11:$AP$17,2,TRUE) -> II | J96: ST.JUDE | K96: E | M96: D | N96: D | P96: D | Z96: {=SUM(IF(K96:Y96="A",1,0), IF(K96:Y96="B",2,0), IF(K96:Y96="C",3,0), IF(K96:Y96="D",4,0), IF(K96:Y96="E",5,0), IF(K96:Y96="S",6,0), IF(K96:Y96="F",7,0))} -> 17 | AA96: =_xlfn.XLOOKUP(F6Results_2026[[#This Row],[Full_Name]],tblF42023[FULL_NAME],tblF42023[POINTS],"",0,1) -> 14 | AB96: =_xlfn.XLOOKUP(F6Results_2026[[#This Row],[Full_Name]],tblF42023[FULL_NAME],tblF42023[DIVISION],"",0,1) -> I | AC96: =_xlfn.XLOOKUP(F6Results_2026[[#This Row],[Full_Name]],tblF42023[FULL_NAME],tblF42023[POINTS],"",0,1) -> 14 | AD96: =IFERROR( INDEX(tblF42023[[HKL]:[CBA]], MATCH(F6Results_2026[[#This Row],[Full_Name]], tblF42023[FULL_NAME], 0), MATCH(F6Results_2026[[#This Row],[Comb]], tblF42023[[#Headers],[HKL]:[CBA]], 0) ), "" ) -> 7 | AE96: =IFERROR( INDEX(tblF42023[], MATCH(F6Results_2026[[#This Row],[Full_Name]], tblF42023[FULL_NAME], 0), MATCH(F6Results_2026[[#This Row],[Comb]] & "_Q", tblF42023[#Headers], 0) ), "" ) -> N | AF96: =_xlfn.XLOOKUP(F6Results_2026[[#This Row],[Full_Name]],tblF22021[FULL_NAME],tblF22021[POINTS],"",0,1) -> 9 | AG96: =_xlfn.XLOOKUP(F6Results_2026[[#This Row],[Full_Name]],tblF42023[FULL_NAME],tblF42023[DIVISION],"",0,1) -> I | AH96: =_xlfn.XLOOKUP(F6Results_2026[[#This Row],[Full_Name]],tblF42023[FULL_NAME],tblF42023[TOTAL A''S],"",0,1) -> 2
A97: S4459/0564 | B97: 2026 | C97: 20130285711 | D97: SAYUNI JASTIN MOLLEL | E97: EGM | F97: Business | G97: F | H97: {=_xlfn.LET( _xlpm.g, F6Results_2026[[#This Row],[Hist]:[Acco]], _xlpm.pts, _xlfn.MAP(_xlpm.g, _xlfn.LAMBDA(_xlpm.x, IFERROR(VLOOKUP(_xlpm.x, AlevelPts, 2, FALSE), ""))), _xlpm.validPts, _xlfn._xlws.FILTER(_xlpm.pts, ISNUMBER(_xlpm.pts)), _xlpm.allBlank, SUM(--(_xlpm.g=""))=COLUMNS(_xlpm.g), IF( _xlpm.allBlank, "ABS", IFERROR(SUM(_xlpm.validPts), "") ) )} -> 13 | I97: =VLOOKUP(H97,$AO$11:$AP$17,2,TRUE) -> III | J97: ST.JUDE | K97: E | N97: C | U97: F | W97: C | Z97: {=SUM(IF(K97:Y97="A",1,0), IF(K97:Y97="B",2,0), IF(K97:Y97="C",3,0), IF(K97:Y97="D",4,0), IF(K97:Y97="E",5,0), IF(K97:Y97="S",6,0), IF(K97:Y97="F",7,0))} -> 18 | AA97: =_xlfn.XLOOKUP(F6Results_2026[[#This Row],[Full_Name]],tblF42023[FULL_NAME],tblF42023[POINTS],"",0,1) -> 7 | AB97: =_xlfn.XLOOKUP(F6Results_2026[[#This Row],[Full_Name]],tblF42023[FULL_NAME],tblF42023[DIVISION],"",0,1) -> I | AC97: =_xlfn.XLOOKUP(F6Results_2026[[#This Row],[Full_Name]],tblF42023[FULL_NAME],tblF42023[POINTS],"",0,1) -> 7 | AD97: =IFERROR( INDEX(tblF42023[[HKL]:[CBA]], MATCH(F6Results_2026[[#This Row],[Full_Name]], tblF42023[FULL_NAME], 0), MATCH(F6Results_2026[[#This Row],[Comb]], tblF42023[[#Headers],[HKL]:[CBA]], 0) ), "" ) -> 5 | AE97: =IFERROR( INDEX(tblF42023[], MATCH(F6Results_2026[[#This Row],[Full_Name]], tblF42023[FULL_NAME], 0), MATCH(F6Results_2026[[#This Row],[Comb]] & "_Q", tblF42023[#Headers], 0) ), "" ) -> Y | AF97: =_xlfn.XLOOKUP(F6Results_2026[[#This Row],[Full_Name]],tblF22021[FULL_NAME],tblF22021[POINTS],"",0,1) -> 7 | AG97: =_xlfn.XLOOKUP(F6Results_2026[[#This Row],[Full_Name]],tblF42023[FULL_NAME],tblF42023[DIVISION],"",0,1) -> I | AH97: =_xlfn.XLOOKUP(F6Results_2026[[#This Row],[Full_Name]],tblF42023[FULL_NAME],tblF42023[TOTAL A''S],"",0,1) -> 8
A98: S4459/0565 | B98: 2026 | C98: 20130285713 | D98: SERAFIA LEBAHATI LAIZER | E98: EGM | F98: Business | G98: F | H98: {=_xlfn.LET( _xlpm.g, F6Results_2026[[#This Row],[Hist]:[Acco]], _xlpm.pts, _xlfn.MAP(_xlpm.g, _xlfn.LAMBDA(_xlpm.x, IFERROR(VLOOKUP(_xlpm.x, AlevelPts, 2, FALSE), ""))), _xlpm.validPts, _xlfn._xlws.FILTER(_xlpm.pts, ISNUMBER(_xlpm.pts)), _xlpm.allBlank, SUM(--(_xlpm.g=""))=COLUMNS(_xlpm.g), IF( _xlpm.allBlank, "ABS", IFERROR(SUM(_xlpm.validPts), "") ) )} -> 15 | I98: =VLOOKUP(H98,$AO$11:$AP$17,2,TRUE) -> III | J98: ST.JUDE | K98: E | N98: C | U98: E | W98: F | Z98: {=SUM(IF(K98:Y98="A",1,0), IF(K98:Y98="B",2,0), IF(K98:Y98="C",3,0), IF(K98:Y98="D",4,0), IF(K98:Y98="E",5,0), IF(K98:Y98="S",6,0), IF(K98:Y98="F",7,0))} -> 20 | AA98: =_xlfn.XLOOKUP(F6Results_2026[[#This Row],[Full_Name]],tblF42023[FULL_NAME],tblF42023[POINTS],"",0,1) -> 7 | AB98: =_xlfn.XLOOKUP(F6Results_2026[[#This Row],[Full_Name]],tblF42023[FULL_NAME],tblF42023[DIVISION],"",0,1) -> I | AC98: =_xlfn.XLOOKUP(F6Results_2026[[#This Row],[Full_Name]],tblF42023[FULL_NAME],tblF42023[POINTS],"",0,1) -> 7 | AD98: =IFERROR( INDEX(tblF42023[[HKL]:[CBA]], MATCH(F6Results_2026[[#This Row],[Full_Name]], tblF42023[FULL_NAME], 0), MATCH(F6Results_2026[[#This Row],[Comb]], tblF42023[[#Headers],[HKL]:[CBA]], 0) ), "" ) -> 5 | AE98: =IFERROR( INDEX(tblF42023[], MATCH(F6Results_2026[[#This Row],[Full_Name]], tblF42023[FULL_NAME], 0), MATCH(F6Results_2026[[#This Row],[Comb]] & "_Q", tblF42023[#Headers], 0) ), "" ) -> Y | AF98: =_xlfn.XLOOKUP(F6Results_2026[[#This Row],[Full_Name]],tblF22021[FULL_NAME],tblF22021[POINTS],"",0,1) -> 7 | AG98: =_xlfn.XLOOKUP(F6Results_2026[[#This Row],[Full_Name]],tblF42023[FULL_NAME],tblF42023[DIVISION],"",0,1) -> I | AH98: =_xlfn.XLOOKUP(F6Results_2026[[#This Row],[Full_Name]],tblF42023[FULL_NAME],tblF42023[TOTAL A''S],"",0,1) -> 8
A99: S4459/0519 | B99: 2026 | C99: 20130285716 | D99: SIJAWA MSAFIRI MNYONGE | E99: HGL | F99: Arts | G99: F | H99: {=_xlfn.LET( _xlpm.g, F6Results_2026[[#This Row],[Hist]:[Acco]], _xlpm.pts, _xlfn.MAP(_xlpm.g, _xlfn.LAMBDA(_xlpm.x, IFERROR(VLOOKUP(_xlpm.x, AlevelPts, 2, FALSE), ""))), _xlpm.validPts, _xlfn._xlws.FILTER(_xlpm.pts, ISNUMBER(_xlpm.pts)), _xlpm.allBlank, SUM(--(_xlpm.g=""))=COLUMNS(_xlpm.g), IF( _xlpm.allBlank, "ABS", IFERROR(SUM(_xlpm.validPts), "") ) )} -> 10 | I99: =VLOOKUP(H99,$AO$11:$AP$17,2,TRUE) -> II | J99: ST.JUDE | K99: E | M99: D | N99: C | P99: C | Z99: {=SUM(IF(K99:Y99="A",1,0), IF(K99:Y99="B",2,0), IF(K99:Y99="C",3,0), IF(K99:Y99="D",4,0), IF(K99:Y99="E",5,0), IF(K99:Y99="S",6,0), IF(K99:Y99="F",7,0))} -> 15 | AA99: =_xlfn.XLOOKUP(F6Results_2026[[#This Row],[Full_Name]],tblF42023[FULL_NAME],tblF42023[POINTS],"",0,1) -> 12 | AB99: =_xlfn.XLOOKUP(F6Results_2026[[#This Row],[Full_Name]],tblF42023[FULL_NAME],tblF42023[DIVISION],"",0,1) -> I | AC99: =_xlfn.XLOOKUP(F6Results_2026[[#This Row],[Full_Name]],tblF42023[FULL_NAME],tblF42023[POINTS],"",0,1) -> 12 | AD99: =IFERROR( INDEX(tblF42023[[HKL]:[CBA]], MATCH(F6Results_2026[[#This Row],[Full_Name]], tblF42023[FULL_NAME], 0), MATCH(F6Results_2026[[#This Row],[Comb]], tblF42023[[#Headers],[HKL]:[CBA]], 0) ), "" ) -> 7 | AE99: =IFERROR( INDEX(tblF42023[], MATCH(F6Results_2026[[#This Row],[Full_Name]], tblF42023[FULL_NAME], 0), MATCH(F6Results_2026[[#This Row],[Comb]] & "_Q", tblF42023[#Headers], 0) ), "" ) -> N | AF99: =_xlfn.XLOOKUP(F6Results_2026[[#This Row],[Full_Name]],tblF22021[FULL_NAME],tblF22021[POINTS],"",0,1) -> 8 | AG99: =_xlfn.XLOOKUP(F6Results_2026[[#This Row],[Full_Name]],tblF42023[FULL_NAME],tblF42023[DIVISION],"",0,1) -> I | AH99: =_xlfn.XLOOKUP(F6Results_2026[[#This Row],[Full_Name]],tblF42023[FULL_NAME],tblF42023[TOTAL A''S],"",0,1) -> 2
A100: S4459/0520 | B100: 2026 | C100: 20130285718 | D100: THERESIA JOHN MREMA | E100: HGL | F100: Arts | G100: F | H100: {=_xlfn.LET( _xlpm.g, F6Results_2026[[#This Row],[Hist]:[Acco]], _xlpm.pts, _xlfn.MAP(_xlpm.g, _xlfn.LAMBDA(_xlpm.x, IFERROR(VLOOKUP(_xlpm.x, AlevelPts, 2, FALSE), ""))), _xlpm.validPts, _xlfn._xlws.FILTER(_xlpm.pts, ISNUMBER(_xlpm.pts)), _xlpm.allBlank, SUM(--(_xlpm.g=""))=COLUMNS(_xlpm.g), IF( _xlpm.allBlank, "ABS", IFERROR(SUM(_xlpm.validPts), "") ) )} | I100: =VLOOKUP(H100,$AO$11:$AP$17,2,TRUE) -> #N/A | J100: ST.JUDE | K100: INC | M100: INC | N100: INC | P100: INC | Z100: {=SUM(IF(K100:Y100="A",1,0), IF(K100:Y100="B",2,0), IF(K100:Y100="C",3,0), IF(K100:Y100="D",4,0), IF(K100:Y100="E",5,0), IF(K100:Y100="S",6,0), IF(K100:Y100="F",7,0))} -> 0 | AA100: =_xlfn.XLOOKUP(F6Results_2026[[#This Row],[Full_Name]],tblF42023[FULL_NAME],tblF42023[POINTS],"",0,1) -> 7 | AB100: =_xlfn.XLOOKUP(F6Results_2026[[#This Row],[Full_Name]],tblF42023[FULL_NAME],tblF42023[DIVISION],"",0,1) -> I | AC100: =_xlfn.XLOOKUP(F6Results_2026[[#This Row],[Full_Name]],tblF42023[FULL_NAME],tblF42023[POINTS],"",0,1) -> 7 | AD100: =IFERROR( INDEX(tblF42023[[HKL]:[CBA]], MATCH(F6Results_2026[[#This Row],[Full_Name]], tblF42023[FULL_NAME], 0), MATCH(F6Results_2026[[#This Row],[Comb]], tblF42023[[#Headers],[HKL]:[CBA]], 0) ), "" ) -> 3 | AE100: =IFERROR( INDEX(tblF42023[], MATCH(F6Results_2026[[#This Row],[Full_Name]], tblF42023[FULL_NAME], 0), MATCH(F6Results_2026[[#This Row],[Comb]] & "_Q", tblF42023[#Headers], 0) ), "" ) -> Y | AF100: =_xlfn.XLOOKUP(F6Results_2026[[#This Row],[Full_Name]],tblF22021[FULL_NAME],tblF22021[POINTS],"",0,1) -> 7 | AG100: =_xlfn.XLOOKUP(F6Results_2026[[#This Row],[Full_Name]],tblF42023[FULL_NAME],tblF42023[DIVISION],"",0,1) -> I | AH100: =_xlfn.XLOOKUP(F6Results_2026[[#This Row],[Full_Name]],tblF42023[FULL_NAME],tblF42023[TOTAL A''S],"",0,1) -> 8
A101: S4459/0630 | B101: 2026 | C101: 20130285719 | D101: VALERIA FABIAN MOLLEL | E101: PCB | F101: Science | G101: F | H101: {=_xlfn.LET( _xlpm.g, F6Results_2026[[#This Row],[Hist]:[Acco]], _xlpm.pts, _xlfn.MAP(_xlpm.g, _xlfn.LAMBDA(_xlpm.x, IFERROR(VLOOKUP(_xlpm.x, AlevelPts, 2, FALSE), ""))), _xlpm.validPts, _xlfn._xlws.FILTER(_xlpm.pts, ISNUMBER(_xlpm.pts)), _xlpm.allBlank, SUM(--(_xlpm.g=""))=COLUMNS(_xlpm.g), IF( _xlpm.allBlank, "ABS", IFERROR(SUM(_xlpm.validPts), "") ) )} -> 16 | I101: =VLOOKUP(H101,$AO$11:$AP$17,2,TRUE) -> III | J101: ST.JUDE | K101: E | L101: F | Q101: D | R101: E | S101: F | Z101: {=SUM(IF(K101:Y101="A",1,0), IF(K101:Y101="B",2,0), IF(K101:Y101="C",3,0), IF(K101:Y101="D",4,0), IF(K101:Y101="E",5,0), IF(K101:Y101="S",6,0), IF(K101:Y101="F",7,0))} -> 28 | AA101: =_xlfn.XLOOKUP(F6Results_2026[[#This Row],[Full_Name]],tblF42023[FULL_NAME],tblF42023[POINTS],"",0,1) -> 10 | AB101: =_xlfn.XLOOKUP(F6Results_2026[[#This Row],[Full_Name]],tblF42023[FULL_NAME],tblF42023[DIVISION],"",0,1) -> I | AC101: =_xlfn.XLOOKUP(F6Results_2026[[#This Row],[Full_Name]],tblF42023[FULL_NAME],tblF42023[POINTS],"",0,1) -> 10 | AD101: =IFERROR( INDEX(tblF42023[[HKL]:[CBA]], MATCH(F6Results_2026[[#This Row],[Full_Name]], tblF42023[FULL_NAME], 0), MATCH(F6Results_2026[[#This Row],[Comb]], tblF42023[[#Headers],[HKL]:[CBA]], 0) ), "" ) -> 6 | AE101: =IFERROR( INDEX(tblF42023[], MATCH(F6Results_2026[[#This Row],[Full_Name]], tblF42023[FULL_NAME], 0), MATCH(F6Results_2026[[#This Row],[Comb]] & "_Q", tblF42023[#Headers], 0) ), "" ) -> Y | AF101: =_xlfn.XLOOKUP(F6Results_2026[[#This Row],[Full_Name]],tblF22021[FULL_NAME],tblF22021[POINTS],"",0,1) -> 7 | AG101: =_xlfn.XLOOKUP(F6Results_2026[[#This Row],[Full_Name]],tblF42023[FULL_NAME],tblF42023[DIVISION],"",0,1) -> I | AH101: =_xlfn.XLOOKUP(F6Results_2026[[#This Row],[Full_Name]],tblF42023[FULL_NAME],tblF42023[TOTAL A''S],"",0,1) -> 4
A102: S4459/0661 | B102: 2026 | C102: 20130285720 | D102: VANESSA ALLEX MOLLEL | E102: ECA | F102: Business | G102: F | H102: {=_xlfn.LET( _xlpm.g, F6Results_2026[[#This Row],[Hist]:[Acco]], _xlpm.pts, _xlfn.MAP(_xlpm.g, _xlfn.LAMBDA(_xlpm.x, IFERROR(VLOOKUP(_xlpm.x, AlevelPts, 2, FALSE), ""))), _xlpm.validPts, _xlfn._xlws.FILTER(_xlpm.pts, ISNUMBER(_xlpm.pts)), _xlpm.allBlank, SUM(--(_xlpm.g=""))=COLUMNS(_xlpm.g), IF( _xlpm.allBlank, "ABS", IFERROR(SUM(_xlpm.validPts), "") ) )} -> 17 | I102: =VLOOKUP(H102,$AO$11:$AP$17,2,TRUE) -> III | J102: ST.JUDE | K102: D | L102: D | W102: F | X102: F | Y102: C | Z102: {=SUM(IF(K102:Y102="A",1,0), IF(K102:Y102="B",2,0), IF(K102:Y102="C",3,0), IF(K102:Y102="D",4,0), IF(K102:Y102="E",5,0), IF(K102:Y102="S",6,0), IF(K102:Y102="F",7,0))} -> 25 | AA102: =_xlfn.XLOOKUP(F6Results_2026[[#This Row],[Full_Name]],tblF42023[FULL_NAME],tblF42023[POINTS],"",0,1) -> 8 | AB102: =_xlfn.XLOOKUP(F6Results_2026[[#This Row],[Full_Name]],tblF42023[FULL_NAME],tblF42023[DIVISION],"",0,1) -> I | AC102: =_xlfn.XLOOKUP(F6Results_2026[[#This Row],[Full_Name]],tblF42023[FULL_NAME],tblF42023[POINTS],"",0,1) -> 8 | AD102: =IFERROR( INDEX(tblF42023[[HKL]:[CBA]], MATCH(F6Results_2026[[#This Row],[Full_Name]], tblF42023[FULL_NAME], 0), MATCH(F6Results_2026[[#This Row],[Comb]], tblF42023[[#Headers],[HKL]:[CBA]], 0) ), "" ) | AE102: =IFERROR( INDEX(tblF42023[], MATCH(F6Results_2026[[#This Row],[Full_Name]], tblF42023[FULL_NAME], 0), MATCH(F6Results_2026[[#This Row],[Comb]] & "_Q", tblF42023[#Headers], 0) ), "" ) | AF102: =_xlfn.XLOOKUP(F6Results_2026[[#This Row],[Full_Name]],tblF22021[FULL_NAME],tblF22021[POINTS],"",0,1) -> 7 | AG102: =_xlfn.XLOOKUP(F6Results_2026[[#This Row],[Full_Name]],tblF42023[FULL_NAME],tblF42023[DIVISION],"",0,1) -> I | AH102: =_xlfn.XLOOKUP(F6Results_2026[[#This Row],[Full_Name]],tblF42023[FULL_NAME],tblF42023[TOTAL A''S],"",0,1) -> 6
...

Sheet DIV
A1: DIVISION ANALYSIS BY GENDER, GROUP & SCHOOL
A3: Division by Gender
A4: Division | B4: Female | C4: Male | D4: Total | E4: % of Total
A5: I | B5: =COUNTIFS(F6Results_2026[[Sex]:[Sex]],"F",F6Results_2026[[Div]:[Div]],"I") -> 26 | C5: =COUNTIFS(F6Results_2026[[Sex]:[Sex]],"M",F6Results_2026[[Div]:[Div]],"I") -> 12 | D5: =SUM(B5:C5) -> 38 | E5: =IF(D5=0,"-",D5/SUM(D5:D7)) -> 0.2183908
A6: II | B6: =COUNTIFS(F6Results_2026[[Sex]:[Sex]],"F",F6Results_2026[[Div]:[Div]],"II") -> 36 | C6: =COUNTIFS(F6Results_2026[[Sex]:[Sex]],"M",F6Results_2026[[Div]:[Div]],"II") -> 29 | D6: =SUM(B6:C6) -> 65 | E6: =IF(D6=0,"-",D6/SUM(D5:D7)) -> 0.37356322
A7: III | B7: =COUNTIFS(F6Results_2026[[Sex]:[Sex]],"F",F6Results_2026[[Div]:[Div]],"III") -> 34 | C7: =COUNTIFS(F6Results_2026[[Sex]:[Sex]],"M",F6Results_2026[[Div]:[Div]],"III") -> 37 | D7: =SUM(B7:C7) -> 71 | E7: =IF(D7=0,"-",D7/SUM(D5:D7)) -> 0.40804598
A8: TOTAL | B8: =SUM(B5:B7) -> 96 | C8: =SUM(C5:C7) -> 78 | D8: =SUM(D5:D7) -> 174 | E8: =D8/D8 -> 1
A10: Division by Subject Group
A11: Group | B11: Div I | C11: Div II | D11: Div III | E11: Total | F11: Div I %
A12: Sci | B12: =COUNTIFS(F6Results_2026[[Group]:[Group]],"Science",F6Results_2026[[Div]:[Div]],"I") -> 3 | C12: =COUNTIFS(F6Results_2026[[Group]:[Group]],"Science",F6Results_2026[[Div]:[Div]],"II") -> 36 | D12: =COUNTIFS(F6Results_2026[[Group]:[Group]],"Science",F6Results_2026[[Div]:[Div]],"III") -> 49 | E12: =SUM(B12:D12) -> 88 | F12: =IF(E12=0,"-",B12/E12) -> 0.034090909
A13: Arts | B13: =COUNTIFS(F6Results_2026[[Group]:[Group]],"Arts",F6Results_2026[[Div]:[Div]],"I") -> 32 | C13: =COUNTIFS(F6Results_2026[[Group]:[Group]],"Arts",F6Results_2026[[Div]:[Div]],"II") -> 17 | D13: =COUNTIFS(F6Results_2026[[Group]:[Group]],"Arts",F6Results_2026[[Div]:[Div]],"III") -> 3 | E13: =SUM(B13:D13) -> 52 | F13: =IF(E13=0,"-",B13/E13) -> 0.61538462
A14: Busi | B14: =COUNTIFS(F6Results_2026[[Group]:[Group]],"Business",F6Results_2026[[Div]:[Div]],"I") -> 3 | C14: =COUNTIFS(F6Results_2026[[Group]:[Group]],"Business",F6Results_2026[[Div]:[Div]],"II") -> 12 | D14: =COUNTIFS(F6Results_2026[[Group]:[Group]],"Business",F6Results_2026[[Div]:[Div]],"III") -> 19 | E14: =SUM(B14:D14) -> 34 | F14: =IF(E14=0,"-",B14/E14) -> 0.088235294
A15: TOTAL | B15: =SUM(B12:B14) -> 38 | C15: =SUM(C12:C14) -> 65 | D15: =SUM(D12:D14) -> 71 | E15: =SUM(E12:E14) -> 174 | F15: =IF(E15=0,"-",B15/E15) -> 0.2183908
A17: Division by School
A18: School | B18: Div I | C18: Div II | D18: Div III | E18: Total | F18: Div I %
A19: ST.JUDE | B19: =COUNTIFS(F6Results_2026[[From]:[From]],"ST.JUDE",F6Results_2026[[Div]:[Div]],"I") -> 23 | C19: =COUNTIFS(F6Results_2026[[From]:[From]],"ST.JUDE",F6Results_2026[[Div]:[Div]],"II") -> 42 | D19: =COUNTIFS(F6Results_2026[[From]:[From]],"ST.JUDE",F6Results_2026[[Div]:[Div]],"III") -> 50 | E19: =SUM(B19:D19) -> 115 | F19: =IF(E19=0,"-",B19/E19) -> 0.2
A20: GVT | B20: =COUNTIFS(F6Results_2026[[From]:[From]],"GVT",F6Results_2026[[Div]:[Div]],"I") -> 15 | C20: =COUNTIFS(F6Results_2026[[From]:[From]],"GVT",F6Results_2026[[Div]:[Div]],"II") -> 23 | D20: =COUNTIFS(F6Results_2026[[From]:[From]],"GVT",F6Results_2026[[Div]:[Div]],"III") -> 21 | E20: =SUM(B20:D20) -> 59 | F20: =IF(E20=0,"-",B20/E20) -> 0.25423729
A21: TOTAL | B21: =SUM(B19:B20) -> 38 | C21: =SUM(C19:C20) -> 65 | D21: =SUM(D19:D20) -> 71 | E21: =SUM(E19:E20) -> 174 | F21: =IF(E21=0,"-",B21/E21) -> 0.2183908
A24: Comb | B24: I | C24: II | D24: III | E24: IV | F24: O | G24: Total
A25: CBA | B25: 2 | C25: 7 | D25: 7 | E25: 1 | F25: 0 | G25: 17
A26: ECA | B26: 0 | C26: 0 | D26: 7 | E26: 3 | F26: 3 | G26: 13
A27: EGM | B27: 3 | C27: 12 | D27: 12 | E27: 0 | F27: 0 | G27: 27
A28: HGK | B28: 27 | C28: 2 | D28: 0 | E28: 0 | F28: 0 | G28: 29
A29: HGL | B29: 5 | C29: 15 | D29: 3 | E29: 0 | F29: 0 | G29: 23
A30: PCB | B30: 1 | C30: 12 | D30: 27 | E30: 1 | F30: 4 | G30: 45
A31: PCM | B31: 0 | C31: 15 | D31: 10 | E31: 1 | F31: 2 | G31: 28
A32: PMCs | B32: 0 | C32: 2 | D32: 5 | E32: 0 | F32: 0 | G32: 7
A36: SCHOOL PERFORMANCE COMPARISON: ST.JUDE vs GVT
A38: Metric | B38: ST.JUDE | C38: GVT | D38: Difference | E38: Winner
A39: Total Candidates | E39: =IFERROR(IF(B39>C39,"ST.JUDE",IF(C39>B39,"GVT","TIE")),"-") -> TIE
A40: Division I | E40: =IFERROR(IF(B40>C40,"ST.JUDE",IF(C40>B40,"GVT","TIE")),"-") -> TIE
A41: Division II | E41: =IFERROR(IF(B41>C41,"ST.JUDE",IF(C41>B41,"GVT","TIE")),"-") -> TIE
A42: Division III | E42: =IFERROR(IF(B42>C42,"ST.JUDE",IF(C42>B42,"GVT","TIE")),"-") -> TIE
A43: Div I Rate (%) | E43: =IFERROR(IF(B43>C43,"ST.JUDE",IF(C43>B43,"GVT","TIE")),"-") -> TIE
A44: Average Agg Points | E44: =IFERROR(IF(B44>C44,"ST.JUDE",IF(C44>B44,"GVT","TIE")),"-") -> TIE
A45: Best Agg Points | E45: =IFERROR(IF(B45>C45,"ST.JUDE",IF(C45>B45,"GVT","TIE")),"-") -> TIE
A46: Female Candidates | E46: =IFERROR(IF(B46>C46,"ST.JUDE",IF(C46>B46,"GVT","TIE")),"-") -> TIE
A47: Male Candidates | E47: =IFERROR(IF(B47>C47,"ST.JUDE",IF(C47>B47,"GVT","TIE")),"-") -> TIE
A49: DIVISION PERFORMANCE IN YEARS
A50: YEARS/DIV | B50: I | C50: II | D50: III | E50: IV | F50: O | H50: TOTAL | K50: GPA | L50: KPI | M50: KPI GRADE | N50: KPI MOB
A51: 2019 | B51: 70 | C51: 84 | D51: 15 | E51: 0 | F51: 0 | H51: =SUM(B51:F51) -> 169 | K51: 2.4961 | L51: =IFERROR((B51 + C51) / H51 * 100, "") -> 91.12426 | M51: =IF(L51="INC","INC",IF(L51="-","-",IF(L51="","INC",IF(L51>=79.5,"A",IF(L51>=69.5,"B",IF(L51>=59.5,"C",IF(L51>=49.5,"D",IF(L51>=39.5,"E",IF(L51>=34.5,"S",IF(L51>=0,"F",)))))))))) -> A
A52: 2020 | B52: 51 | C52: 74 | D52: 23 | E52: 0 | F52: 0 | H52: =SUM(B52:F52) -> 148 | K52: 2.6509 | L52: =IFERROR((B52 + C52) / H52 * 100, "") -> 84.459459 | M52: =IF(L52="INC","INC",IF(L52="-","-",IF(L52="","INC",IF(L52>=79.5,"A",IF(L52>=69.5,"B",IF(L52>=59.5,"C",IF(L52>=49.5,"D",IF(L52>=39.5,"E",IF(L52>=34.5,"S",IF(L52>=0,"F",)))))))))) -> A | N52: =L52-L51 -> -6.6648009
A53: 2021 | B53: 57 | C53: 64 | D53: 18 | E53: 0 | F53: 0 | H53: =SUM(B53:F53) -> 139 | K53: 2.542 | L53: =IFERROR((B53 + C53) / H53 * 100, "") -> 87.05036 | M53: =IF(L53="INC","INC",IF(L53="-","-",IF(L53="","INC",IF(L53>=79.5,"A",IF(L53>=69.5,"B",IF(L53>=59.5,"C",IF(L53>=49.5,"D",IF(L53>=39.5,"E",IF(L53>=34.5,"S",IF(L53>=0,"F",)))))))))) -> A | N53: =L53-L52 -> 2.5909003
A54: 2022 | B54: 20 | C54: 53 | D54: 34 | E54: 0 | F54: 0 | H54: =SUM(B54:F54) -> 107 | K54: 2.9751 | L54: =IFERROR((B54 + C54) / H54 * 100, "") -> 68.224299 | M54: =IF(L54="INC","INC",IF(L54="-","-",IF(L54="","INC",IF(L54>=79.5,"A",IF(L54>=69.5,"B",IF(L54>=59.5,"C",IF(L54>=49.5,"D",IF(L54>=39.5,"E",IF(L54>=34.5,"S",IF(L54>=0,"F",)))))))))) -> C | N54: =L54-L53 -> -18.826061
